S,p03,p04,p05,p06,p07,p08,p09
1,-2.211526629508783e-14,-2.245070107359541e-14,-1.902363362576079e-14,-1.527477127608571e-14,-1.1649162077769755e-14,-7.930084335122703e-15,-3.3382210242403236e-15
2,7.534958120390676e-14,6.990188876409986e-14,5.516147791524785e-14,4.085263257202824e-14,2.7697037631747866e-14,1.4635446998225152e-14,-1.0075302517451816e-15
3,-1.0974390541329764e-13,-3.1446581260826765e-14,2.272164255937495e-14,5.979915544989328e-14,8.736838995995453e-14,1.1018626502510185e-13,1.3267455683190918e-13
4,-2.5761365259570113e-13,-2.1532565080826364e-13,-1.5389955061061007e-13,-9.941681145458055e-14,-5.152376157150741e-14,-5.548690569035495e-15,4.7991865442485705e-14
5,3.727059312827194e-13,3.685247481054841e-13,3.061174367056893e-13,2.4043559538381996e-13,1.7787061462941821e-13,1.1428916386759265e-13,3.6592314343719866e-14
6,3.0758093651414164e-13,1.4089804141972994e-14,-1.7226768580546047e-13,-2.9351392121144935e-13,-3.797418618411521e-13,-4.4796636992418983e-13,-5.106637515113556e-13
7,3.7930136444843735e-13,-1.5581082393472346e-14,-2.6098907086686873e-13,-4.182977716857644e-13,-5.284682459208205e-13,-6.145646136066153e-13,-6.917441880277988e-13
8,8.841922117303629e-13,6.447291764592141e-13,3.8959140010418104e-13,1.803589815539809e-13,4.2784086178352965e-15,-1.5937919508885012e-13,-3.430670008443175e-13
9,3.680847690044649e-13,9.121992706574212e-13,1.1051927566136263e-12,1.1668057205505534e-12,1.169903378534675e-12,1.1367478492523864e-12,1.0569209928325827e-12
10,-1.3642166164984347e-12,-1.1936414727423068e-12,-8.920851085482864e-13,-6.147562657229327e-13,-3.662504342558629e-13,-1.2430107089787543e-13,1.6060652363329378e-13
11,1.2174492280558754e-12,4.1686585598006074e-13,-1.5419719840073278e-13,-5.515840465068531e-13,-8.50472448836503e-13,-1.102049638618743e-12,-1.3526337046422561e-12
12,-7.577781779549796e-13,3.578656465388861e-13,1.0004822349384311e-12,1.3907174898672462e-12,1.6503891987155615e-12,1.840217892294056e-12,1.9931337636544943e-12
13,5.62097037221568e-13,-7.493646649829655e-13,-1.4514157287665789e-12,-1.8527597539325666e-12,-2.103032695265487e-12,-2.270292196363274e-12,-2.3810134216061992e-12
14,-8.739268056147743e-13,6.306083669712054e-13,1.4741483253154922e-12,1.9747142132458933e-12,2.3000519741828793e-12,2.531284874777172e-12,2.7064759775107493e-12
15,1.7731082961367987e-12,1.7677735732108022e-13,-8.559529386925844e-13,-1.5350253095496555e-12,-2.0222856556187073e-12,-2.4127749220019182e-12,-2.776017385157127e-12
16,-3.009109009035077e-12,-1.7530186433385232e-12,-6.763155551841596e-13,1.4118726213415495e-13,7.963467582397155e-13,1.3796901452393846e-12,2.005613948536797e-12
17,3.6534910128643975e-12,3.5339537768663146e-12,2.880071516677194e-12,2.2117868260224437e-12,1.5836278155489449e-12,9.507231196583808e-13,1.818735750083993e-13
18,-2.2727950332861325e-12,-3.91143062385994e-12,-4.301349438158234e-12,-4.281723988785116e-12,-4.0941192463421616e-12,-3.791551235092222e-12,-3.303072239648667e-12
19,-1.5322290396488067e-12,1.1823879861514022e-12,2.6959058703031643e-12,3.591338843572986e-12,4.171947142598492e-12,4.581019445104794e-12,4.886665960540641e-12
20,5.007908958212776e-12,3.651204773220863e-12,2.1982393279298916e-12,1.0052184113038136e-12,9.943024665844766e-16,-9.324666585348866e-13,-1.9805554324168426e-12
21,-3.3926726321374004e-12,-5.4279979032006375e-12,-5.817900452046614e-12,-5.6913922749100685e-12,-5.360988951832834e-12,-4.887001817414521e-12,-4.157327187535884e-12
22,-3.3576288276677934e-12,9.2307871036715e-14,2.2480503065655564e-12,3.6350100138924813e-12,4.6101904832034684e-12,5.372924509473392e-12,6.059387124928494e-12
23,6.399541001340659e-12,6.602592546626884e-12,5.6456969036175955e-12,4.566598757368543e-12,3.5098933365979624e-12,2.419094699290331e-12,1.0649664986935715e-12
24,9.281183484086957e-13,-3.3386365372840283e-12,-5.476383580500593e-12,-6.626379664409878e-12,-7.288600230089127e-12,-7.675695216324391e-12,-7.842514779221428e-12
25,-7.92747966292305e-12,-6.779245392690564e-12,-4.940810581981389e-12,-3.2783711398519158e-12,-1.8029702584655682e-12,-3.7386438368404e-13,1.2948498497436283e-12
26,3.0459518827752775e-13,5.131580627535382e-12,7.326501637374235e-12,8.385869544873078e-12,8.905156256292171e-12,9.108648464525135e-12,9.009218241011955e-12
27,9.22985219834441e-12,7.699873043893948e-12,5.466023196948386e-12,3.483708239940944e-12,1.740389244035336e-12,6.564492318841273e-14,-1.877754941523667e-12
28,4.405624160307447e-13,-5.273755064504574e-12,-8.00430401436708e-12,-9.400012581678365e-12,-1.0148369048082791e-11,-1.0525575804707393e-11,-1.0576405049281484e-11
29,-1.0498681229741666e-11,-9.892920218406344e-12,-7.877993254942554e-12,-5.8830134294424005e-12,-4.032852838164537e-12,-2.1862327133774674e-12,3.4961485637304084e-14
30,-3.733096178676967e-12,2.9668705950949072e-12,6.699272738300496e-12,8.902979863298973e-12,1.0325595558374653e-11,1.1322559888931482e-11,1.206224481573676e-11
31,1.0370137367856302e-11,1.2402619158759e-11,1.1633456104671639e-11,1.0264682899151457e-11,8.744940565105946e-12,7.056959049268428e-12,4.8385068813075555e-12
32,9.345747151024492e-12,2.8048601456238174e-12,-1.7808775613341026e-12,-4.9404312654328926e-12,-7.296040805885076e-12,-9.256388987560309e-12,-1.1186608634271947e-11
33,-6.2025022967222835e-12,-1.226909161876908e-11,-1.4059143142919795e-11,-1.4354418683336206e-11,-1.4009916691235974e-11,-1.3247071619717883e-11,-1.1872476504220687e-11
34,-1.4485262676692821e-11,-1.1157703676344695e-11,-7.203406185051811e-12,-3.858062623539546e-12,-9.94652300550231e-13,1.704099380831431e-12,4.7726101622512584e-12
35,-3.6126551403974946e-12,5.5894337622573825e-12,1.0495856215878042e-11,1.329538638164393e-11,1.5035752585761412e-11,1.6199455821798913e-11,1.6972902687412766e-11
36,1.3314138117059949e-11,1.70984330331011e-11,1.6781225812780592e-11,1.5461109306290445e-11,1.383828749181747e-11,1.1959610702392825e-11,9.434748369904425e-12
37,1.5972663083725105e-11,9.680966630587669e-12,4.608232384589217e-12,9.832440332525205e-13,-1.727971358996885e-12,-3.941703442599823e-12,-6.00093101339971e-12
38,2.1480432298273784e-12,-5.602377136252876e-12,-7.768340023994948e-12,-7.600448574726628e-12,-6.25600051873509e-12,-3.933794827450507e-12,1.5412346403869297e-13
39,-7.956999448006896e-12,-1.4865008123173361e-12,8.794868077973906e-12,1.9409262744958528e-11,3.016222871242996e-11,4.205507069541681e-11,5.833198363882734e-11
40,1.3358362481916351e-11,5.0156257985844383e-11,8.374121410517479e-11,1.1393180783569842e-10,1.428687923369228e-10,1.7402228495181743e-10,2.1608082886548777e-10
41,9.447975987843092e-11,1.8996555791392276e-10,2.743110970043544e-10,3.508798921563881e-10,4.253520500314259e-10,5.066985983220651e-10,6.181824494134391e-10
42,2.9451848321479163e-10,5.357132815261003e-10,7.56283977507039e-10,9.604016526436848e-10,1.1610966133675516e-09,1.3817866417831735e-09,1.685622087163306e-09
43,7.913019142960345e-10,1.4267979080803738e-09,2.0148388923465843e-09,2.5595576585954115e-09,3.094217022649073e-09,3.6805504030878344e-09,4.4847688652727965e-09
44,2.0612595846510047e-09,3.71578476807551e-09,5.234445232393384e-09,6.631014934625877e-09,7.993751888186277e-09,9.480541174733063e-09,1.1508846946242905e-08
45,5.241403846258162e-09,9.371492665533111e-09,1.3114469155198455e-08,1.6528743773635295e-08,1.9840970562205194e-08,2.3437259417659737e-08,2.8319285806053674e-08
46,1.2874610031356937e-08,2.272673056099932e-08,3.155001721975657e-08,3.9540729520146455e-08,4.725295530929597e-08,5.559089125319703e-08,6.686028932097733e-08
47,3.0421165103156034e-08,5.2974010351076454e-08,7.295901703457199e-08,9.094061537176235e-08,1.082140682714007e-07,1.2681502299807829e-07,1.5185234951327129e-07
48,6.920821742082153e-08,1.189448375823247e-07,1.6258421727195312e-07,2.0160570106025918e-07,2.389210314124839e-07,2.7895001706669294e-07,3.326143956125251e-07
49,1.519468589992523e-07,2.578928580366785e-07,3.49960777218702e-07,4.317868104427022e-07,5.096880413789187e-07,5.929397115923079e-07,7.041109853324471e-07
50,3.226611340776263e-07,5.41050132734479e-07,7.290432529504779e-07,8.95125970105657e-07,1.0525528502869326e-06,1.2201697623490887e-06,1.4431345783236007e-06
51,6.639467039700575e-07,1.100263410473607e-06,1.4723672178976381e-06,1.7991741558941864e-06,2.1076233832788222e-06,2.434847752190922e-06,2.868475608947441e-06
52,1.326018885935896e-06,2.1721696177837824e-06,2.8872138749722983e-06,3.5116022192903155e-06,4.098448495988366e-06,4.718808619635492e-06,5.53784648832866e-06
53,2.5741293598647037e-06,4.169251889347319e-06,5.5051662199176575e-06,6.665135670523107e-06,7.750892826601508e-06,8.894677280967038e-06,1.0399301144697823e-05
54,4.863722659116112e-06,7.7908173758059e-06,1.0220766054779441e-05,1.231903622875874e-05,1.4275187609111195e-05,1.632889822029115e-05,1.9020931739470738e-05
55,8.95623322018017e-06,1.4191485875637984e-05,1.8500200482733465e-05,2.2200669284941566e-05,2.5636956954208658e-05,2.9232658688820888e-05,3.3929596775956654e-05
56,1.6092700497253896e-05,2.5230120670376293e-05,3.2686954557972466e-05,3.9057176955686245e-05,4.494987900696743e-05,5.109594065659164e-05,5.9097035079890734e-05
57,2.824733154711606e-05,4.382809514120567e-05,5.643790996048509e-05,6.715420423090664e-05,7.702985783906474e-05,8.729740083377898e-05,0.00010061943957982016
58,4.848858786061193e-05,7.447205588350445e-05,9.53300315850493e-05,0.0001129655041226499,0.00012915759096174977,0.00014593986842376079,0.00016764369240066424
59,8.148100894494468e-05,0.0001239024441805416,0.0001576839818509165,0.0001861034079775397,0.00021210247579987908,0.0002389671536474824,0.0002735991034417925
60,0.00013416637014700537,0.00020203435578228875,0.00025565600163693803,0.00030054477065571955,0.0003414650223451908,0.000383621628947086,0.0004377966288600953
61,0.0002166673437159331,0.00032316111830284807,0.0004066523593717903,0.00047620917907055977,0.0005393963626857232,0.0006043026671388803,0.0006874571115306311
62,0.0003434599323141974,0.0005074924410427866,0.0006351207141542685,0.000740945018695524,0.0008367511170198641,0.0009348825184651748,0.0010602250880080524
63,0.0005348618665314186,0.000783077341650686,0.0009747690283517365,0.0011329735820988032,0.001275722945654214,0.0014215277501667825,0.001607214337566329
64,0.0008188822068218691,0.0011881565566091016,0.0014712545039285874,0.0017038311150402502,0.0019129999697167896,0.0021260603892626143,0.0023966151144757396
65,0.0012334719558866252,0.0017739792558449392,0.0021853719462375807,0.0025218331566059615,0.0028234595917352476,0.0031298732033972322,0.00351787082533969
66,0.001829206119775207,0.002608104318697253,0.0031967528484951524,0.0036760647452490844,0.004104399218072286,0.004538388383139601,0.005086404209279695
67,0.002672414137538941,0.0037781872392849123,0.004608063603245928,0.005280874471302748,0.0058802715781921385,0.006486019006835255,0.0072488408028122675
68,0.0038487580057821598,0.005396230342413879,0.006549664277456765,0.007480820863329673,0.008307861832250543,0.009141559335218817,0.010188642090908296
69,0.005467236162255458,0.007603247234062336,0.009184659456141522,0.010455987541908341,0.01158180998974211,0.012713894905028774,0.014132024181870512
70,0.007664567008735655,0.01057426348695338,0.012714241269052464,0.014427550682315767,0.015940348224805057,0.017457888630901804,0.01935400234262073
71,0.010609879920406705,0.014523545995625229,0.017383193665671336,0.019663450588069013,0.021671090610050396,0.02368026695742526,0.026184369713102052
72,0.014509615046092142,0.019709924976925173,0.023485398273152564,0.02648399071345295,0.029116684829928314,0.031745302845884185,0.03501339238803677
73,0.019612507686141308,0.026442047098554716,0.03136915777277647,0.03526716438275384,0.038680113724375124,0.04208007221340309,0.04629698500775836
74,0.026214510164669448,0.03508337752109525,0.04144213455544756,0.04645349364030456,0.0508294209460861,0.055179049228867155,0.06056112284332477
75,0.034663485486917965,0.046056754398574526,0.05417569209060903,0.06055015768824523,0.0661016310724692,0.07160780500087417,0.07840524935428003
76,0.04536349414489353,0.05984829296350126,0.0701084251871463,0.07813419130820118,0.08510564113791817,0.09200558446380917,0.10050445294200328
77,0.058778489400588274,0.07701043867544904,0.08984867385736788,0.09985454703100027,0.10852387806652045,0.1170865578053212,0.12761021299914624
78,0.07543523808251813,0.09816398050126234,0.11407583396235163,0.12643283850171017,0.13711254454853644,0.1476395750201658,0.16054955252712735
79,0.09592529380562055,0.12399885614667962,0.1435403057756335,0.15866261575403404,0.17170031353489273,0.1845262938951916,0.20022248104631954
80,0.120905867531023,0.15527361036247717,0.17906195803908312,0.19740706464000177,0.21318537715523592,0.22867760112730537,0.24759766517758072
81,0.15109946602688856,0.19281340418978707,0.22152702848531633,0.2435950706549992,0.26253080745307295,0.28108830108675836,0.3037063226211071
82,0.18729220113775602,0.23750651564293515,0.2718834302413558,0.2982156396673646,0.3207582414905748,0.3428101043946856,0.3696343955260857
83,0.23033071050600112,0.29029931897388367,0.33113448480795793,0.36231072219421395,0.38893995952877664,0.4149430062711595,0.44651311858258363
84,0.28111767190189896,0.35218977822722747,0.4003311540841513,0.43696654136401997,0.46818947953708484,0.49862519984945297,0.5355081528148202
85,0.34060593680217505,0.42421953909980964,0.4805628938343455,0.523303575146645,0.5596508417576441,0.5950217198411621,0.6378075055099397
86,0.40979135240896325,0.5074647490284274,0.5729472968711077,0.6224653885969568,0.6644868012400246,0.7053120549081359,0.7546084978659101
87,0.4897043830461509,0.6030257769702432,0.6786187341057734,0.7356065498587422,0.7838661823530243,0.8306770011082114,0.8871040731658559
88,0.5814006800522741,0.7120160398079338,0.7987162339044189,0.8638798930384531,0.9189506759111449,0.9722850526038844,1.036468758517319
89,0.6859507823691305,0.8355501703450704,0.9343708637153996,1.0084234107820311,1.070881375886997,1.131278638770795,1.2038446019508005
90,0.8044291567486053,0.9747317814980877,1.0866928919925207,1.1703470689753106,1.2407653583913405,1.3087605187774947,1.3903274040330895
91,0.9379028059509191,1.130641092008939,1.256759012793586,1.3507198354290075,1.4296626008883817,1.5057806360106358,1.5969535497237235
92,1.0874196849337634,1.3043226806960975,1.4455999102980697,1.5505572041605218,1.6385735251190734,1.723323716227546,1.8246877230456162
93,1.2539971686540974,1.4967736292305116,1.6541884264830908,1.7708094777959165,1.8684274239796952,1.9622978662524657,2.074411755672225
94,1.438610810896221,1.7089322983341007,1.8834285732930705,2.01235104387695,2.1200720019978343,2.2235243959000255,2.3469148224337366
95,1.6421836219983061,1.941667960110498,2.1341456020723206,2.275970847890196,2.3942642226356834,2.5077290463109514,2.6428851538490417
96,1.8655760752478288,2.1957714811283484,2.4070773092323203,2.562364228223819,2.6916626151249177,2.8155347648065514,2.962903389987735
97,2.109577028038275,2.471947218234192,2.702866719630811,2.87212623764846,3.01282115062555,3.147456121505794,3.307437653103871
98,2.3748957157725283,2.7708062533019797,3.0220562495056846,3.205746533942295,3.358184753878243,3.5038954180001394,3.6768403702887476
99,2.6621549451900646,3.092861055671054,3.3650834105503464,3.5636058804814605,3.728086473739459,3.8851404949075694,4.071346833401235
100,2.971885580545724,3.43852162325839,3.7322780772382593,3.9459742573945595,4.122746295433875,4.291364204476118,4.49107544305657
101,3.30452238210864,3.8080931165316283,4.123861302049306,4.353010546432492,4.542271540182138,4.722625477686307,4.936029547528472
102,3.6604012229282032,4.201774964809511,4.539945628872855,4.7847637190255385,4.986658764988648,5.178871883364228,5.4061007568038875
103,4.039757677763152,4.619661392653474,4.980536824389297,5.241175427818713,5.455797047462688,5.659943550242708,5.90107358720486
104,4.442726948374323,5.061743286159716,5.445536921273901,5.722083877809527,5.949472518007522,6.165578302017383,6.4206312731808834
105,4.8693450627537604,5.527911295286218,5.93474844600695,6.227228834322932,6.4673739847313465,6.695417840335857,6.964362570049308
106,5.3195512628418635,6.017960049261859,6.447879688073382,6.756257611497541,7.009099484953821,7.249014801182742,7.531769364393277
107,5.7931914762256875,6.531593347770861,6.984550856380385,7.308731876597308,7.574163590996526,7.825840505992063,8.122274907113004
108,6.2900227524094605,7.068430180921606,7.544300962606354,7.884135102001578,8.162005296658425,8.425293229564975,8.735232487227998
109,6.809718533521018,7.628011425808886,8.126595269596821,8.48188049773523,8.771996313898603,9.046706811936527,9.369934371813828
110,7.351874622666451,8.209807066438309,8.730833145398142,9.101319262367085,9.403449616201012,9.689359450086965,10.025620848237462
111,7.916015710329124,8.813223786478295,9.356356169541728,9.741748998433248,10.055628075227183,10.352482517154371,10.701489218411051
112,8.501602319916065,9.437612790267812,10.002456347207922,10.402422149625627,10.727753050049696,11.035269270893632,11.396702610412841
113,9.108038037375698,10.08227771618727,10.668384298295592,11.082554330183694,11.419012802817619,11.736883328883053,12.110398489828182
114,9.734676896314348,10.746482517370467,11.35335730164602,11.781332431650302,12.128570630543157,12.45646680475535,12.841696770941617
115,10.38083079874746,11.429459197246276,12.056567089110267,12.497922407807518,12.855572619225095,13.193148016983983,13.589707445853962
116,11.04577686205856,12.130415301025733,12.777187299325652,13.23147665467975,13.599154943220658,13.946048698939379,14.353537667254246
117,11.72876459444071,12.848541078517355,13.514380516459843,13.98114091851583,14.35845064919976,14.714290655642365,15.132298237502946
118,12.429022813613317,13.583016248115785,14.267304834404227,14.746060680234542,15.132595879778117,15.497001828500396,15.925109472551425
119,13.145766236539632,14.333016306088895,15.03511990157468,15.5253869796116,15.920735506722973,16.293321744046544,16.731106423792742
120,13.878201680842825,15.097718339050303,15.816992415331775,16.318281656242522,16.72202815722282,17.10240633608967,17.549443454007175
121,14.625533831321874,15.876306310494282,16.612101047825842,17.123921996837915,17.5356506289451,17.923432142599168,18.379298175043186
122,15.386970537131782,16.667975804271027,17.419640796656154,17.941504789562792,18.360801700364334,18.755599888993657,19.219874764693294
123,16.16172761660144,17.471938218751866,18.238826763984584,18.77024979585753,19.1967053520848,19.598137478274538,20.070406688402933
124,16.949033157152197,18.28742441506245,19.068897376621837,19.609402658420265,20.042613422598155,20.450302415638365,20.93015885801978
125,17.748131307231954,19.113687831117204,19.90911706708746,20.45823727085192,20.89780772815891,21.311383700903473,21.798429264837637
126,18.558285565528415,19.950007080236034,20.7587784417631,21.316057639865786,21.76160168128328,22.18070322636846,22.67455012784257
127,19.37878157991821,20.795688058914592,21.617203967074815,22.18219927507093,22.633341445899436,23.057616720696736,23.557888600412866
128,20.20892947466546,21.650065592874117,22.483747208229566,23.056030144221122,23.51240666949836,23.94151428122456,24.447847079942292
129,21.048065729321955,22.512504653949076,23.357793657495968,23.936951233612707,24.398210833882523,24.831820537864402,25.34386316507884
130,21.89555463664526,23.38240118272996,24.238761190476083,24.824396754130394,25.29020126643275,25.727994491630717,26.24540930463233
131,22.75078936973499,24.259182553310545,25.12610018937611,25.717834033415187,26.187858853324318,26.629529069940986,27.151992180869208
132,23.613192690533747,25.14230771706094,26.019293372077296,26.61676313388572,27.090697494979533,27.53595043931726,28.06315186801428
133,24.482217332989325,26.031267062219847,26.9178553649441,27.520716235010223,27.99826334233998,28.446817114125082,28.97846080442651
134,25.357346094573057,26.925582025324104,27.82133205592418,28.42925681642235,28.91013385043463,29.36171889758349,29.8975226142611
135,26.238091669640223,27.824804489246908,28.729299762665995,29.34197867630141,29.825916683286273,30.280275688645432,30.819970811540735
136,27.12399625736409,28.728516000930785,29.641364248252767,30.258504817006756,30.74524850154596,31.20213618551151,31.745467416555186
137,28.01463097579328,29.63632683993811,30.557159614771674,31.17848622734912,31.667793661481888,32.12697651362865,32.673701511457566
138,28.909595112039813,30.547874966724823,31.476347102424352,32.10160058817351,32.59324285109919,33.054498803091725,33.60438775889538
139,29.80851523681597,31.462824877200998,32.39861381929235,33.02755092520254,33.52131168635842,33.984429737468695,34.53726490455718
140,30.71104420952878,32.38086638771087,33.32367142425566,33.95606423038153,34.45173928768908,34.916519093270296,35.47209428168917
141,31.616860098031946,33.30171337210921,34.251254782990166,34.88689007033143,35.384286854330206,35.850538286603324,36.40865833294666
142,32.52566503494243,34.22510247018798,35.18112061447578,35.819799198003786,36.31873625151814,36.78627894102741,37.34675916245467
143,33.43718403022483,35.15079178435076,36.11304614305758,36.75458218124517,37.25488862315103,37.723551488290695,38.28621712863344
144,34.35116375756483,36.078559579168626,37.04682776885545,37.69104805975251,38.192563040394376,38.662183811463606,39.22686948624965
145,35.26737132993664,37.00820299631395,37.98227976721493,38.62902303986159,39.131595194664,39.60201993802711,40.16856908424569
146,36.18559307772927,37.93953679537701,38.91923302597401,39.56834923472486,40.071836141625,40.54291878872059,41.11118312422541
147,37.105633340881226,38.87239212921721,39.857533827543214,40.5088834557694,41.013151101205324,41.48475298637786,42.05459198296522
148,38.02731328466041,39.806615360828275,40.79704268123181,41.45049605979349,41.955418317196454,42.42740772761796,42.9986881010328
149,38.95046974707788,40.74206692715758,41.73763320982536,42.39306985475837,42.89852797874635,43.37077971904416,43.943374938473205
150,39.87495412437985,41.678620253973754,42.679191093174566,43.33649906615224,43.84238120496166,44.314776178605,44.88856599757739
151,40.80063129969858,42.61616072466056,43.62161307048165,44.28068836481451,44.78688909291257,45.25931390187905,45.834183911951214
152,41.727378618696854,43.554584704758206,44.56480600201834,45.225551956257824,45.731971828539564,46.20431839234544,46.7801596004568
153,42.655084914936374,44.49379862317495,45.50868599022287,46.171012730802644,46.67755785932947,47.14972305410137,47.726431484071746
154,43.5836495867529,45.433718110191904,46.453177559462006,47.11700147327159,47.623583127087116,48.09546844502282,48.6729447633104
155,44.51298172656471,46.374267191742504,47.39821289318516,48.0634561304987,48.569990358726244,49.041501587992755,49.61965075352993
156,45.442999302833286,47.31537753890392,48.34373112676359,49.01032113454491,49.51672841267802,49.987775337563335,50.56650627523888
157,46.37362839428834,48.256987771084404,49.28967769396354,49.95754677923588,50.46375167827929,50.93424779920956,51.513473096374
158,47.304802475519146,49.19904281105631,50.23600372473094,50.905088647416484,51.411019525354824,51.880881798228394,52.46051742342811
159,48.236461752622006,50.141493289702936,51.18266549178768,51.852907086197334,52.35849580109336,52.82764439525626,53.407609438295054
160,49.16855254727003,51.08429499815871,52.129623903403925,52.80096672738509,53.30614837129325,53.77450644538247,54.35472287770999
161,50.10102672730031,52.02740838488112,53.07684403964879,53.749236050251774,54.25394870304105,54.72144219785643,55.30183465221987
162,51.033841181737024,52.97079809511526,54.02429472938901,54.697686983822415,55.20187148592967,55.66842893344089,56.24892450171633
163,51.96695733802882,53.91443255016998,54.971948165328236,55.64629454590014,56.149894289000514,56.61544663657009,57.195974684646906
164,52.90034071918736,54.858283563928545,55.91977955441463,56.59503651611207,57.09799725066542,57.562477699559444,58.142969698175975
165,53.83396053848678,55.802325994056034,56.86776680101844,57.54389314037179,58.046162798996,58.50950665625373,59.08989602667939
166,54.76778932935184,56.74653742540558,57.81589022037642,58.49284686424051,58.99437539988073,59.45651994262299,60.036741916117926
167,55.70180260811276,57.69089788322281,58.7641322798937,59.44188209281083,59.94262133067361,60.40350568196347,60.98349717197453
168,56.63597856732345,58.6353895738327,59.71247736601952,60.390984974846866,60.89088847712086,61.35045349250476,61.93015297860145
169,57.57029779742627,59.57999665059486,60.66091157452976,61.34014320906372,61.83916615145846,62.29735431536825,62.876701737966336
170,58.5047430346084,60.52470500303545,61.60942252217818,62.28934587055444,62.78744492974987,63.24420026096475,63.82313692593539
171,59.439298932804775,61.46950206717093,62.55799917781051,63.238583255509056,63.73571650663963,64.19098447206675,64.76945296438217
172,60.37395185788186,62.41437665517034,63.506631711158576,64.18784674251019,64.68397356585699,65.13770100192151,65.71564510753859
173,61.30868970216526,63.3593188026188,64.4553113576603,65.13712866880533,65.63220966492663,66.08434470591109,66.66170934114646
174,62.243501717550764,64.30431963176008,65.40403029778194,66.08642222009539,66.58041913265915,67.0309111453709,67.60764229308006
175,63.178378365586,65.24937122922555,66.35278154942783,67.03572133249425,67.52859697813517,67.97739650233413,68.55344115424991
176,64.11331118298418,66.19446653686235,67.30155887213763,67.98502060541512,68.476738809992,68.92379750403995,69.49910360867649
177,65.04829266116079,67.13959925437824,68.25035668189662,68.93431522427515,69.42484076493139,69.87011135617314,70.4446277717588
178,65.98331613847255,68.08476375264304,69.19916997546191,69.88360089197302,70.37289944446997,70.81633568390009,71.39001213583221
179,66.9183757039565,69.02995499656382,70.14799426322244,70.83287376822648,71.32091185904659,71.76246847984208,72.3352555222112
180,67.85346611144499,69.97516847656155,71.0968255096904,71.78213041591474,72.26887537867987,72.70850805822111,73.28035703899181
181,68.78858270303635,70.92040014775232,72.04566008082065,72.7313677536691,73.21678768945874,73.65445301449326,74.22531604395901
182,69.72372134098013,71.86564637602712,72.99449469740291,73.68058301401895,74.1646467552037,74.60030218984312,75.17013211201197
183,70.65887834712987,72.8109038902965,73.94332639388385,74.62977370648525,75.1124507837282,75.54605463998253,76.11480500658942
184,71.5940504491674,73.75616974022985,74.89215248200337,75.5789375850501,76.06019819716406,76.4917096077699,77.05933465462519
185,72.52923473290826,74.7014412588979,75.84097051871073,76.52807261951735,77.00788760588671,77.43726649917991,78.00372112461966
186,73.46442860003464,75.6467160297741,76.78977827789102,77.47717697031418,77.95551778562515,78.38272486226244,78.94796460744622
187,74.39962973068062,76.59199185761,77.73857372544455,78.42624896632971,78.90308765737599,79.328084368703,79.89206539958457
188,75.33483605033557,77.5372667427549,78.68735499735419,79.37528708544738,79.85059626979326,80.27334479770008,80.83602388846846
189,76.27004570060825,78.48253885851702,79.63612038038815,80.32428993743888,80.79804278376233,81.21850602186457,81.7798405396987
190,77.20525701340776,79.42780653123039,80.58486829512293,81.27325624895666,81.74542645888299,82.16356799489945,82.72351588589376
191,78.14046848818045,80.37306822271137,81.53359728102747,82.22218485035661,82.69274664164895,83.10853074084487,83.66705051697197
192,79.07567877183642,81.3183225148222,82.4823059833483,83.17107466414504,83.64000275509783,84.05339434469474,84.61044507169031
193,80.01088664107621,82.26356809589889,83.43099314159761,84.11992469484495,84.58719428976596,84.99815894421155,85.55370023027693
194,80.94609098683884,83.20880374883217,84.37965757943206,85.06873402010761,85.53432079577806,85.94282472279296,86.49681670803015
195,81.88129080062453,84.15402834057812,85.32829819577651,86.01750178292636,86.48138187593115,86.88739190325916,87.43979524975248
196,82.8164851624715,85.09924081295927,86.27691395701657,86.96622718480359,87.4283771796551,87.8318607424408,88.38263662491133
197,83.75167323040272,86.04444017458994,87.22550389015547,87.91490947976231,88.37530639773554,88.77623152647286,89.32534162345011
198,84.68685423115603,86.98962549376853,88.17406707678983,88.86354796909025,89.3221692576968,89.72050456669253,90.26791105213975
199,85.62202745205578,87.93479589225723,89.12260264783365,89.81214199673498,90.26896551977252,90.66468019607983,91.21034573142906
200,86.55719223388411,88.87995053980836,90.0711097788597,90.76069094525712,91.21569497337943,91.60875876615827,92.15264649270688
201,87.49234796463645,89.8250886493639,91.0195876860234,91.70919423227167,92.16235743404032,92.55274064429847,93.09481417593528
202,88.42749407404298,90.77020947283492,91.96803562246262,92.6576513073292,93.10895274068368,93.49662621138064,94.0368496275979
203,89.36263002878142,91.7153122973995,92.91645287513194,93.60606164916364,94.05548075328733,94.44041585975597,94.97875369893134
204,90.29775532827853,92.66039644224175,93.86483876200835,94.55442476327497,95.00194135080976,95.38410999148059,95.92052724438891
205,91.2328695010337,93.60546125568828,94.8131926296314,95.50274017978771,95.94833442937852,96.32770901678005,96.86217112032111
206,92.16797210141183,94.55050611268412,95.7615138509207,96.4510074515683,96.89465990069993,97.27121335270819,97.80368618383085
207,93.103062706826,95.49553041257614,96.70980182325258,97.39922615255644,97.84091769066184,98.21462342199493,98.74507329178935
208,94.03814091528014,96.4405335771487,97.65805596674686,98.34739587628395,98.78710773810216,99.15793965202964,99.68633329998826
209,94.97320634321525,97.3855150488975,98.60627572275268,99.29551623455944,99.73322999372766,100.1011624739861,100.62746706240642
210,95.90825862362546,98.33047428949888,99.55446055249531,100.24358685630368,100.67928441915572,101.04429232206107,101.56847543058406
211,96.84329740441278,99.27541077845564,100.50260993586964,101.19160738650052,101.62527098606584,101.98732963280843,102.5093592530815
212,97.77832234694047,100.22032401189753,101.45072337036491,102.13957748526354,102.571189675453,102.93027484455745,103.45011937501681
213,98.7133331247729,101.16521350151362,102.3988003700935,103.08749682700034,103.51704047695574,103.87312839691603,104.39075663766982
214,99.64832942256643,102.11007877360106,103.34684046492664,104.03536509965332,104.46282338826653,104.81589073032552,105.33127187814159
215,100.58331093510104,103.05491936821865,104.294843199706,104.98318200402396,105.40853841459592,105.7585622856815,106.27166592906755
216,101.51827736642855,103.99973483842632,105.24280813353651,105.93094725314931,106.35418556820109,106.70114350399672,107.21193961837075
217,102.45322842912279,104.9445247496048,106.19073483914009,106.87866057174384,107.2997648679535,107.64363482611132,108.15209376905435
218,103.38816384362845,105.88928867884262,107.13862290227102,107.82632169568842,108.24527633895737,108.5860366924328,109.09212919902602
219,104.32308333767719,106.83402621438613,108.08647192117785,108.77393037155878,109.19072001219433,109.52834954271998,110.03204672095067
220,105.25798664578228,107.77873695513382,109.03428150611131,109.7214863561903,110.13609592421292,110.4705738158809,110.97184714212473
221,106.19287350878814,108.72342051018698,109.98205127887407,110.66898941629218,111.08140411683387,111.41270994980374,111.91153126437872
222,107.12774367347012,109.66807649843369,110.92978087239747,111.61643932806693,112.026644636889,112.35475838120404,112.85109988399299
223,108.06259689219064,110.61270454816976,111.87746993035603,112.56383587687434,112.97181753597637,113.29671954549615,113.79055379162268
224,108.99743292258022,111.55730429675255,112.82511810680772,113.51117885691,113.91692287023331,114.2385938766722,114.72989377225684
225,109.93225152725952,112.50187539027839,113.77272506585332,114.45846807090783,114.86196070013744,115.18038180720185,115.66912060516657
226,110.86705247359703,113.4464174832918,114.72029048132387,115.40570332985979,115.80693109030547,116.12208376794246,116.60823506387726
227,111.80183553348398,114.3909302385049,115.6678140364826,116.35288445275027,116.75183410931943,117.06370018805767,117.5472379161479
228,112.73660048313688,115.33541332654904,116.61529542374306,117.30001126630945,117.696669829557,118.005231494947,118.48612992395466
229,113.67134710291982,116.27986642573002,117.56273434440938,118.24708360477462,118.64143832703415,118.94667811418707,119.42491184348692
230,114.60607517718302,117.22428922180904,118.51013050842162,119.19410130966583,119.58613968126048,119.88804046947101,120.36358442514135
231,115.54078449411497,118.16868140779233,119.45748363411764,120.1410642295755,120.53077397509412,120.82931898256433,121.30214841353092
232,116.47547484561457,119.11304268373291,120.40479344800988,121.08797221995947,121.47534129461582,121.77051407326098,122.24060454749154
233,117.41014602716533,120.05737275654103,121.35205968456302,122.03482514294869,122.41984172900125,122.71162615934544,123.17895356009545
234,118.34479783773051,121.0016713398124,122.29928208599337,122.98162286715682,123.36427537040221,123.65265565655955,124.11719617866643
235,119.27943007964664,121.94593815365258,123.24646040206187,123.92836526750315,124.30864231383336,124.59360297856918,125.05533312480101
236,120.21404255853099,122.89017292452387,124.19359438989196,124.87505222504201,125.25294265706577,125.5344685369465,125.99336511439097
237,121.14863508319716,123.83437538508328,125.14068381377838,125.82168362679437,126.19717650052196,126.47525274113931,126.93129285764469
238,122.08320746557455,124.77854527404641,126.0877284450161,126.76825936559027,127.14134394717802,127.41595599845543,127.86911705912057
239,123.01775952062886,125.72268233603529,127.03472806172725,127.7147793399103,128.08544510246682,128.35657871404226,128.80683841774552
240,123.95229106629841,126.6667863214499,127.98168244869417,128.66124345374303,129.02948007419124,129.29712129087648,129.74445762685608
241,124.88680192342103,127.6108569863395,128.92859139720505,129.60765161643724,129.97344897243187,130.23758412974604,130.68197537422276
242,125.82129191567802,128.55489409227062,129.87545470489616,130.554003742561,130.91735190946432,131.1779676292427,131.61939234208484
243,126.75576086953362,129.49889740620907,130.82227217560273,131.50029975176543,131.8611889996787,132.11827218574828,132.55670920718413
244,127.69020861417663,130.44286670040674,131.76904361921692,132.44653956866304,132.8049603595012,133.05849819343211,133.49392664080244
245,128.624634981468,131.38680175228086,132.71576885154076,133.39272312268488,133.74866610731283,133.99864604424056,134.43104530879
246,129.55903980589395,132.3307023443112,133.66244769416073,134.3388503479731,134.6923063633887,134.93871612789357,135.36806587161308
247,130.49342292451396,133.27456826392876,134.60907997430337,135.28492118324576,135.63588124981106,135.87870883188384,136.30498898438248
248,131.42778417691517,134.21839930341767,135.5556655247138,136.23093557169344,136.57939089041483,136.81862454146358,137.2418152968892
249,132.36212340516684,135.1621952598066,136.502204183529,137.1768934608554,137.52283541071122,137.75846363965724,138.17854545365387
