S,p01,p02,p03,p04,p05,p06,p07,p08,p09
1,-1.6841274844070685e-14,-2.2718842380510444e-14,-1.2815111645276273e-14,-1.6257784384367702e-15,-2.2718842380510444e-14,1.0627740773022679e-14,1.452965980748461e-14,1.7906778755361733e-14,2.124407201589609e-14
2,5.1585162149516914e-14,7.565076712184222e-14,3.1873162231421617e-14,-6.709094907542015e-15,7.565076712184222e-14,-4.5901087752231625e-14,-5.763445125508133e-14,-6.741841654708252e-14,-7.648676110867442e-14
3,-1.5801658306767105e-14,-9.128167264226416e-14,7.910400114393035e-14,1.3958789189890107e-13,-9.128167264226416e-14,1.6843465590275083e-13,1.6884035568191215e-13,1.643546515098704e-13,1.5285007372144996e-13
4,-1.5583030555053067e-13,-2.52233165683153e-13,-6.657389691400154e-14,6.705778855976192e-14,-2.52233165683153e-13,1.9184235644655512e-13,2.2644779542006473e-13,2.5363723497174527e-13,2.7637602504373203e-13
5,2.725980423531047e-13,3.8028428627018516e-13,1.9794379933155194e-13,7.862767112322326e-15,3.8028428627018516e-13,-1.958753899388961e-13,-2.595297231575245e-13,-3.141615993508403e-13,-3.671765319799954e-13
6,-1.5685579615521026e-14,2.359169614656081e-13,-3.5430728940548403e-13,-5.28722219872177e-13,2.359169614656081e-13,-5.798471634465084e-13,-5.634468203377746e-13,-5.308044078002107e-13,-4.723453547822135e-13
7,-4.570768349792084e-14,2.8216866224663094e-13,-4.960867429688377e-13,-7.133379674052722e-13,2.8216866224663094e-13,-7.63229103616109e-13,-7.349953557937984e-13,-6.857955512454393e-13,-6.018390777113033e-13
8,4.554148803220053e-13,8.406013795198695e-13,5.894042138187541e-14,-4.0697550571651397e-13,8.406013795198695e-13,-7.985165303086143e-13,-8.95086829427316e-13,-9.631549429892071e-13,-1.0080600373068932e-12
9,7.165338481663325e-13,5.229511389368852e-13,1.1732939808050887e-12,1.017343474683372e-12,5.229511389368852e-13,5.934494359373615e-13,3.995350555716433e-13,1.9817592775663403e-13,-4.781523891078581e-14
10,-8.64923569850329e-13,-1.3503772465207826e-12,-4.448357486192022e-13,2.632522276941247e-13,-1.3503772465207826e-12,9.488208840636792e-13,1.145740307219596e-12,1.3042230742095344e-12,1.4435633495467507e-12
11,2.445915231128768e-13,1.0310485439132453e-12,-7.608304521840064e-13,-1.4314582991603673e-12,1.0310485439132453e-12,-1.780380139212006e-12,-1.800910376889691e-12,-1.7680063800841994e-12,-1.6627827823624954e-12
12,3.4642599551457514e-13,-4.759416311507868e-13,1.575759522511804e-12,2.0294168943923947e-12,-4.759416311507868e-13,1.9959393092434247e-12,1.8608016239330194e-12,1.6739420870219864e-12,1.3897439958049087e-12
13,-6.451393631443754e-13,2.2347910715467784e-13,-2.032621546857831e-12,-2.39821066581569e-12,2.2347910715467784e-13,-2.1761872800300537e-12,-1.9604002458993557e-12,-1.6907098609046128e-12,-1.3079635589151045e-12
14,5.682869238087645e-13,-4.906098768942937e-13,2.2073806111797408e-12,2.7440774434897137e-12,-4.906098768942937e-13,2.616290571738094e-12,2.4073711159114418e-12,2.132719105347215e-12,1.7263453865784125e-12
15,2.135066577112676e-14,1.3864066763616617e-12,-1.878541096869147e-12,-2.88242126343609e-12,1.3864066763616617e-12,-3.2153323095555354e-12,-3.1415052079741807e-12,-2.976816209257751e-12,-2.6690314929325212e-12
16,-1.2018357741282417e-12,-2.7432296466690802e-12,5.957668774414452e-13,2.214923094603642e-12,-2.7432296466690802e-12,3.3736438694349558e-12,3.5967153382071766e-12,3.708808549703596e-12,3.703061134760704e-12
17,2.5801884258710717e-12,3.707773856185787e-12,1.7848123421666251e-12,-1.0118923949565498e-13,3.707773856185787e-12,-2.0828780182118422e-12,-2.6923580050160593e-12,-3.208665089069051e-12,-3.701072292341473e-12
18,-2.9625256771059443e-12,-2.7668822316548923e-12,-4.167003068089928e-12,-3.0912115926874587e-12,-2.7668822316548923e-12,-1.1569567122482217e-12,-3.656031042152702e-13,4.204373608403703e-13,1.3361226528027245e-12
19,1.0234204932538166e-12,-8.391703925954593e-13,4.007378841507523e-12,4.951114272888301e-12,-8.391703925954593e-13,4.69088349568492e-12,4.304387569866284e-12,3.799579510057976e-12,3.0561116441472373e-12
20,2.5941025116163916e-12,4.762428415405562e-12,3.1371069510409636e-13,-2.344943348124766e-12,4.762428415405562e-12,-4.5757053855905625e-12,-5.123610290242922e-12,-5.508067938248823e-12,-5.758054525846828e-12
21,-4.077583366066679e-12,-4.018629796485949e-12,-5.483733738702922e-12,-3.849197569158741e-12,-4.018629796485949e-12,-1.1239449224201892e-12,-3.8857581607835697e-14,1.0230024198054812e-12,2.2464017275663436e-12
22,2.4326223627372357e-13,-2.511861204865955e-12,4.324062542608138e-12,6.2503421233353045e-12,-2.511861204865955e-12,6.701591666535075e-12,6.455541400369164e-12,6.023160672237555e-12,5.282873960886e-12
23,4.8356666849341344e-12,6.606621426453178e-12,3.8515922524331225e-12,5.586648868172674e-13,6.606621426453178e-12,-3.092308316787529e-12,-4.2618546890235325e-12,-5.27901587579993e-12,-6.288071710501941e-12
24,-2.636907945412948e-12,-1.9409233449810324e-13,-7.10894484411423e-12,-7.826990131888712e-12,-1.9409233449810324e-13,-6.585015427350791e-12,-5.7138822975529825e-12,-4.690875993229475e-12,-3.300582033852723e-12
25,-4.903355166260567e-12,-7.808384922159786e-12,-2.2682649345185098e-12,1.893467616608516e-12,-7.808384922159786e-12,5.8420235341770634e-12,6.951339163385343e-12,7.831254882583177e-12,8.578644739549465e-12
26,3.949107201957526e-12,1.608042158887449e-12,8.776041427997343e-12,8.884991927949188e-12,1.608042158887449e-12,6.716626870728432e-12,5.492318785026866e-12,4.130607571317959e-12,2.357088429601559e-12
27,5.566448129829091e-12,9.039806671921391e-12,2.288999091308682e-12,-2.5725951296529517e-12,9.039806671921391e-12,-7.092905243070038e-12,-8.337276461328413e-12,-9.306311109734608e-12,-1.0107023810254378e-11
28,-4.061854685844737e-12,-1.0827271156842103e-12,-9.951186056705245e-12,-1.0490429589500958e-11,-1.0827271156842103e-12,-8.36489504571066e-12,-7.0538974595403855e-12,-5.560395189837576e-12,-3.5766028444177037e-12
29,-7.209127806227129e-12,-1.0587014043203273e-11,-4.622549143927813e-12,8.492330043407494e-13,-1.0587014043203273e-11,6.466603603193932e-12,8.156694679860329e-12,9.568878103980334e-12,1.0884042073622405e-11
30,2.378567424919313e-12,-2.0246537948883635e-12,9.920323846627584e-12,1.221316953062082e-11,-2.0246537948883635e-12,1.1511989442789217e-11,1.0535054431165978e-11,9.26405163917695e-12,7.404104192029195e-12
31,9.127298407623656e-12,1.1164727725210509e-11,9.24967892526769e-12,3.978929092205317e-12,1.1164727725210509e-11,-2.668715313013045e-12,-4.980088866563442e-12,-7.094354826612183e-12,-9.334724675217235e-12
32,1.8795397856530492e-12,7.815992578669975e-12,-6.5909020327313895e-12,-1.178342829460808e-11,7.815992578669975e-12,-1.4279334924835483e-11,-1.4318508423832202e-11,-1.3929245854455611e-11,-1.293746040226025e-11
33,-9.12198187226844e-12,-7.981624242055215e-12,-1.4167559716789532e-11,-1.1251165082211334e-11,-7.981624242055215e-12,-5.224452907130828e-12,-2.6476425754702494e-12,-4.135383478624687e-14,3.0575834123672185e-12
34,-8.110541804953053e-12,-1.3941426223477208e-11,-1.892123998534191e-12,5.853561958543171e-12,-1.3941426223477208e-11,1.2657320318806002e-11,1.4426043443204494e-11,1.5742593464573538e-11,1.6730011070876893e-11
35,4.199314830416566e-12,-1.2345110008948153e-12,1.4547764539139393e-11,1.7095553398051566e-11,-1.2345110008948153e-12,1.5635023776441295e-11,1.4208922868242042e-11,1.2442348730068501e-11,9.969195827319276e-12
36,1.2311266953988924e-11,1.462896240176739e-11,1.4386887250530626e-11,8.44667171743956e-12,1.462896240176739e-11,8.798064867960288e-13,-1.63948556927311e-12,-3.825653192295824e-12,-5.929816031504458e-12
37,5.938823014196906e-12,1.45895820147278e-11,-9.185586694577476e-13,-6.581708087382668e-12,1.45895820147278e-11,-7.44204449919807e-12,-6.0190966834481694e-12,-3.612160074425169e-12,6.308659666972866e-13
38,-8.082475608473671e-12,-1.5958028924787252e-13,-6.79194060437509e-12,2.047643481002704e-12,-1.5958028924787252e-13,2.2830756797389044e-11,3.349532027930032e-11,4.57081572640727e-11,6.265540724203076e-11
39,-1.4318922728002038e-11,-7.352821541991285e-12,2.6619410631368224e-11,6.501067873749694e-11,-7.352821541991285e-12,1.2734167915326366e-10,1.5645644118455046e-10,1.890460496193018e-10,2.3371213428014996e-10
40,-5.719910055998646e-12,2.0587500393406128e-11,1.3344522264650225e-10,2.3330329622400573e-10,2.0587500393406128e-11,3.9549835904512257e-10,4.728707842058775e-10,5.606597817129621e-10,6.827134429081727e-10
41,9.601629602726979e-12,1.1348989791053104e-10,4.0097716849982897e-10,6.643402826996237e-10,1.1348989791053104e-10,1.1074915517622663e-09,1.3222113788832378e-09,1.5670420491777678e-09,1.9084931162130056e-09
42,1.7162154395708043e-11,3.41027003706456e-10,1.0952450007305456e-09,1.8117118692972331e-09,3.41027003706456e-10,3.0219371974114627e-09,3.6063127455542617e-09,4.270370713467771e-09,5.192429351963252e-09
43,1.0297743374784264e-11,9.122315718591718e-10,2.9189456145738814e-09,4.817576503174555e-09,9.122315718591718e-10,7.984700782977156e-09,9.499778882266311e-09,1.1212524985141887e-08,1.3577324114272401e-08
44,-3.348825328772297e-12,2.3769191878287134e-09,7.547847405199075e-09,1.234523429120684e-08,2.3769191878287134e-09,2.0232244726025943e-08,2.3970962760449297e-08,2.817731364045232e-08,3.39554991875628e-08
45,-6.681619513585968e-12,6.034081673090077e-09,1.8759099196719585e-08,3.032614840294191e-08,6.034081673090077e-09,4.909723558801611e-08,5.792379046979523e-08,6.781203904700087e-08,8.133287052005591e-08
46,1.8294795189073676e-11,1.4775089591942413e-08,4.473791221830703e-08,7.148014378065109e-08,1.4775089591942413e-08,1.1437046864896017e-07,1.3438783546902015e-07,1.5672290638424514e-07,1.8712937109763823e-07
47,9.063472865845014e-11,3.478899415494079e-08,1.0258937853073904e-07,1.6209012855462807e-07,3.478899415494079e-08,2.5645711285080406e-07,3.0018064037125726e-07,3.487755028607138e-07,4.1464782157872177e-07
48,2.491323960904898e-10,7.887407906870966e-08,2.2678777209101673e-07,3.5450364763810735e-07,7.887407906870966e-08,5.54851287367531e-07,6.470187943444793e-07,7.490597161008597e-07,8.867960273786487e-07
49,5.968765529593072e-10,1.7260328647673037e-07,4.843943712796148e-07,7.493479353887179e-07,1.7260328647673037e-07,1.1605257230358708e-06,1.3483579950381265e-06,1.5555227742038724e-06,1.8339946737901907e-06
50,1.3837874467469167e-09,3.653733983421837e-07,1.0015106034425007e-06,1.5336503403522263e-06,3.653733983421837e-07,2.350782353773604e-06,2.721492708160337e-06,3.1288360134181693e-06,3.6741545227517145e-06
51,3.1573111751714986e-09,7.495355578817114e-07,2.0077557025715034e-06,3.0441169682430776e-06,7.495355578817114e-07,4.61910862040842e-06,5.3288189606184694e-06,6.105815477168932e-06,7.141830968781771e-06
52,7.044748238738349e-09,1.4924714144845231e-06,3.908706525576777e-06,5.868879506515631e-06,1.4924714144845231e-06,8.817762799498871e-06,1.0137778267542297e-05,1.1577770635278957e-05,1.3490251834114932e-05
53,1.528266511127739e-08,2.8887542484227027e-06,7.400321264201375e-06,1.1006162096627337e-05,2.8887542484227027e-06,1.6377209606350078e-05,1.876587395677351e-05,2.1362499404931366e-05,2.479781629516233e-05
54,3.2186555102771145e-08,5.4425118582191075e-06,1.3644436763828506e-05,2.0104538299496265e-05,5.4425118582191075e-06,2.9634046380226212e-05,3.38451418193929e-05,3.840709329279397e-05,4.441963186299999e-05
55,6.586994899781816e-08,9.993845389208037e-06,2.4530429962398656e-05,3.581659624877763e-05,9.993845389208037e-06,5.2307410875368335e-05,5.954921591083015e-05,6.73678513232351e-05,7.763419443645684e-05
56,1.3119623800397642e-07,1.7907652283280313e-05,4.3054879649642174e-05,6.230557932803469e-05,1.7907652283280313e-05,9.017252794705523e-05,0.00010233506275993394,0.0001154227491927173,0.0001325446513322269
57,2.5470144120449775e-07,3.1348358331845064e-05,7.385819672846102e-05,0.00010595238528778565,3.1348358331845064e-05,0.00015198827537446985,0.00017195971848556202,0.00019338014023630046,0.00022130217873864632
58,4.825889203237572e-07,5.3669675032318105e-05,0.00012396416839636706,0.0001763174456922982,5.3669675032318105e-05,0.00025074244995349263,0.00028283888595637406,0.00031715352227311536,0.0003617246003317037
59,8.933954779996591e-07,8.99542218724886e-05,0.0002037744630257691,0.0002874175449823839,8.99542218724886e-05,0.00040528264713300964,0.00045581781004625925,0.0005096749956563101,0.0005793850993371728
60,1.6175898746769166e-06,0.0001477432120040931,0.0003283745047889942,0.00045938052825195765,0.0001477432120040931,0.0006424011120199972,0.0007204241766938954,0.0008033181459903964,0.0009102423744217797
61,2.867214834083133e-06,0.00023800079313193509,0.0005192088021963254,0.0007205400089554045,0.00023800079313193509,0.0009994374043824617,0.0011176666882744964,0.0012428933183005948,0.0014038736773939867
62,4.979742171661047e-06,0.0003763603752878041,0.0008061818549265291,0.0011100266233162169,0.0003763603752878041,0.001527452266079517,0.001703430502855094,0.0018892636991970039,0.0021273550111055037
63,8.481587207229502e-06,0.0005847006347557943,0.0012302343237316467,0.0016809012892525397,0.0005847006347557943,0.002295009039665497,0.002552501326729006,0.0028236088251646875,0.0031698080273892346
64,1.4178218854215934e-05,0.0008930961599672579,0.001846432595947,0.002503858849030833,0.0008930961599672579,0.0033925751869159117,0.0037632235754380527,0.0041523331924381785,0.004647601146966334
65,2.327947980204666e-05,0.001342181304553776,0.0027275928977608674,0.003671507374448164,0.001342181304553776,0.004937526284878257,0.005462765239099936,0.006012582318841288,0.0067101541304959616
66,3.7570547575120596e-05,0.0019859553218238976,0.00396843878115125,0.005303199772609022,0.0019859553218238976,0.007079699344925377,0.007812924126839356,0.008578288341900895,0.00954625247357001
67,5.964084268536997e-05,0.0028950421161832492,0.00569026369728179,0.007550361174956817,0.0028950421161832492,0.010007403023919491,0.011016368867088925,0.012066624105319192,0.013390732927194853
68,9.318501662273561e-05,0.004160399113561769,0.008046039483354793,0.010602219470438911,0.004160399113561769,0.013953751430864523,0.015323165782728205,0.016744701277980563,0.01853135699994094
69,0.00014339179483414613,0.005897447324629644,0.011225878407893018,0.014691809249184652,0.005897447324629644,0.019203148331057778,0.021037402288834797,0.022936307295086146,0.0253156486033059
70,0.00021743774706561278,0.008250569501295553,0.01546272278371275,0.020102083673539786,0.008250569501295553,0.026097712386375083,0.028523681693049075,0.031028440847925658,0.03415743822081622
71,0.0003251038362904169,0.011397896538693775,0.021038104162595633,0.027171936855463968,0.011397896538693775,0.035043404415810095,0.038213236060429166,0.041477379178959134,0.04554283204611504
72,0.00047953267670952247,0.015556275384790276,0.028287785969165626,0.03630191362925703,0.015556275384790276,0.04651559706071883,0.0506093856786409,0.054813995075903385,0.0600353128928472
73,0.0006981436383616203,0.020986286292010107,0.03760708124782215,0.047959366362450545,0.020986286292010107,0.06106381779035599,0.06629206764037683,0.07164803910869347,0.07827968206907349
74,0.0010037211217277632,0.027997154947077663,0.049455622884123564,0.06268281142795287,0.027997154947077663,0.07931539935424903,0.0859211634515908,0.09267111443640509,0.1010045687016072
75,0.0014256883747153627,0.03695138745750729,0.06436135872870663,0.0810852423746741,0.03695138745750729,0.10197778828066557,0.11023837685298378,0.11865809765913733,0.1290232651010617
76,0.0020015750755889533,0.048268944784050166,0.08292354948697818,0.10385617320959227,0.048268944784050166,0.1298392916974379,0.1400674477948406,0.15046679899882856,0.16323269261425458
77,0.002778681557298016,0.06243076912798419,0.10581456342352938,0.13176221333164564,0.06243076912798419,0.16376808463761156,0.17631253545004216,0.18903570697739056,0.20461036005461156
78,0.0038159360723448044,0.07998147876612065,0.13378028860167998,0.16564601459576384,0.07998147876612065,0.20470935232739612,0.21995466022264362,0.23537972434877044,0.2542092435044863
79,0.005185934039625598,0.10153106018416898,0.1676390196297351,0.20642347911726178,0.10153106018416898,0.2536805023233118,0.27204615920567027,0.29058387035582434,0.31315058875099727
80,0.006977139995369667,0.12775540692570517,0.20827872023254265,0.2550791715738209,0.12775540692570517,0.3117644468613066,0.33370317830801693,0.3557949960388781,0.38261471221599175
81,0.009296224279954236,0.15939558270725102,0.2566526134375807,0.31265993932808195,0.15939558270725102,0.38010102320641953,0.4060962939190671,0.432211630766587,0.46382994924498505
82,0.012270497676558776,0.19725572097612346,0.3137731054359633,0.38026680483921504,0.19725572097612346,0.4598766858670086,0.4904394241115919,0.5210721458980687,0.5580599664617635
83,0.016050398664157667,0.24219951276467308,0.3807041047262528,0.4590452546578109,0.24219951276467308,0.5523126661151888,0.5879772508046726,0.6236414823011891,0.6665897143689071
84,0.02081198006601607,0.29514527769744464,0.4585518523998441,0.550174105024058,0.29514527769744464,0.658651848498482,0.6999714272093899,0.7411967395963643,0.7907103448313032
85,0.026759335073361777,0.3570596574494684,0.5484544299259463,0.6548531732146076,0.3570596574494684,0.7801446585761633,0.8276858869981171,0.8750119643190081,0.9317034535481216
86,0.03412689728883074,0.42895001488016704,0.6515701553294502,0.7742900242219405,0.42895001488016704,0.9180342891882096,0.972371601350271,1.0263425002517914,1.0908250288852326
87,0.04318154590326384,0.5118556635842989,0.7690651153832337,0.9096860925283989,0.5118556635842989,1.0735416130470707,1.1352511464113635,1.196409276259215,1.2692894950711309
88,0.054224445668543404,0.606838089969028,0.9021001089623375,1.0622224976514183,0.606838089969028,1.2478501368805508,1.317503446540531,1.3863834050826087,1.4682542300703108
89,0.06759255214746275,0.7149703616939865,1.0518172941373072,1.233045879378631,0.7149703616939865,1.4420913469659882,1.520249048468378,1.5973714514213286,1.6888049174299304
90,0.08365971590676607,0.8373259412148298,1.2193268385405673,1.4232545743414144,0.8373259412148298,1.6573307784792755,1.7445362591865596,1.830401700513635,1.9319420586102813
91,0.10283732486627631,0.9749671404336748,1.405693869150891,1.6338854404817327,0.9749671404336748,1.8945551129552332,1.9913284475779844,2.0864117210955753,2.198568929754597
92,0.12557443181824182,1.1289334616369846,1.61192600449752,1.8659016111857034,1.1289334616369846,2.1546605710259152,2.2614927683819936,2.366237471143524,2.4894812168244016
93,0.15235732397976548,1.3002300709309085,1.8389617303676664,2.1201814278732627,1.3002300709309085,2.438442823453588,2.5557905192131876,2.6706041434911794,2.805358507965816
94,0.1837085030443058,1.4898166435571918,2.087659850716012,2.397508760389082,1.4898166435571918,2.7465885944467163,2.874869289275343,3.000118893608242,3.1467577643421847
95,0.22018505718545747,1.6985968064002355,2.3587902101431526,2.698564880515345,1.6985968064002355,3.079669079501608,3.2192570043759137,3.3552655358461205,3.514108832814091
96,0.2623764204108638,1.9274083825459063,2.6530258446953723,3.023922007237742,1.9274083825459063,3.4381352476501514,3.589357918979515,3.73640123943136,3.9077120079153214
97,0.3109015291039782,2.1770146170025075,2.970936675541612,3.3740385949153415,2.1770146170025075,3.8223150469378013,3.9854505542629237,4.143755203329346,4.3277375984131226
98,0.3664054000434714,2.44809653284921,3.3129848169665723,3.7492563889516615,2.44809653284921,4.232412483900358,4.407687533099378,4.577429241396761,4.774227406864104
99,0.42955516818324446,2.7412465344174697,3.679521527636903,4.149799229479013,2.7412465344174697,4.668508504156147,4.856097219940384,5.0374001672489905,5.2470979901286885
100,0.5010356355569072,3.0569633399213663,4.070785793633339,4.575773543229095,3.0569633399213663,5.130563563068595,5.330587036676013,5.523523832887768,5.746145535547819
101,0.5815443944325571,3.3956482914657102,4.486904494468722,5.027170428183647,3.3956482914657102,5.618421743524414,5.83094829538944,6.035540646894926,6.271052161823637
102,0.6717865979391014,3.7576030567224596,4.927894070174945,5.503869205509155,3.7576030567224596,6.131816252656072,6.356862365815832,6.573082377131754,6.821393435642489
103,0.7724694595307137,4.14302870476815,5.393663579219671,6.005642289118266,4.14302870476815,6.670376110952163,6.907907979276268,7.135680029274023,7.396646884510547
104,0.8842965686509834,4.552026109475213,5.884019013959439,6.5321612051508025,4.552026109475213,7.233633835527151,7.483569461673956,7.722772585841457,7.996201282664051
105,1.00796211368003,4.984597608102456,6.398668722743195,7.083003581669883,4.984597608102456,7.821033914002861,8.08324568533257,8.333716390077416,8.619366489605396
106,1.144145104655232,5.4406498208176295,6.937229775648574,7.6576609226497965,5.4406498208176295,8.4319418659649,8.70625953241901,8.9677949643915,9.265383628994165
107,1.2935036873889276,5.919997519114448,7.4992351039547565,8.25554697946475,5.919997519114448,9.065653694614468,9.3518676706674,9.624229063288457,9.933435408393905
108,1.4566696375723192,6.422368417575915,8.084141241490235,8.876006537001242,6.422368417575915,9.72140554129088,10.019270454291101,10.302186774874787,10.622656396817993
109,1.6342431184291082,6.947408754161882,8.691336498445523,9.518324439552345,6.947408754161882,10.398383369170173,10.707621778469015,11.000793502284777,11.332143096178035
110,1.8267877786891662,7.494689519003646,9.32014940457342,10.18173469311569,7.494689519003646,11.095732518836305,11.416038733780779,11.719141675805476,12.060963663749082
111,2.0348262593607696,8.063713190279378,9.969857268264462,10.865429494854924,8.063713190279378,11.812566996754425,12.143610926608197,12.456300067285277,12.808167164762718
112,2.2588361682858027,8.653920837784032,10.639694710167213,11.568568056609335,8.653920837784032,12.547978377225833,12.889409352072215,13.21132259983271,13.572792256505954
113,2.4992465710756058,9.264699459836592,11.328862044159035,12.290285106736537,9.264699459836592,13.301044218436186,13.652494726844083,13.983256567160002,14.353875227168567
114,2.756435036067966,9.895389426746501,12.0365333939604,13.029698972634897,9.895389426746501,14.070835913161451,14.431925209568142,14.771150197657187,15.150457333622702
115,3.0307252597237397,10.545291913690722,12.761864449935747,13.785919164447353,10.545291913690722,14.856425914017782,15.226763456171167,15.574059517908124,15.961591401885398
116,3.322385287694927,11.213676217034696,13.503999787130423,14.55805339820522,11.213676217034696,15.656894291421471,16.036082975601108,16.39105448851057,16.78634767189426
117,3.631626335912336,11.899786860428758,14.262079681883613,15.345214013629862,11.899786860428758,16.471334599335762,16.858973768255193,17.221224401502713,17.62381888418893
118,3.95860220570479,12.60285040994441,15.035246380063212,16.146523757646943,12.60285040994441,17.298859039167994,17.694547244294423,18.063682543205278,18.47312461999257
119,4.303409277375285,13.32208193071745,15.822649784760639,16.961120919129264,13.32208193071745,18.13860292570349,18.54194043208722,18.91757013881211,19.33341491799141
120,4.666087057996442,14.056691030658133,16.623452544929965,17.788163813319485,14.056691030658133,18.9897284706146,19.40031949812753,19.782059605550756,20.20387320080786
121,5.04661925157121,14.805887449486747,17.4368345387747,18.626834625670515,14.805887449486747,19.851427908875745,20.268882608923132,20.656357149745304,21.083718551851252
122,5.444935313230158,15.56888616339708,18.26199675656689,19.47634263445667,15.56888616339708,20.722926001352583,21.14686217264723,21.53970474972338,21.972207389000495
123,5.860912443851452,16.344911986841957,19.098164596972644,20.33592683946175,16.344911986841957,21.60348195302889,22.033526503853807,22.43138157135733,22.8686345855994
124,6.294377977415433,17.133203663139977,19.944590598834864,21.204858030379384,17.133203663139977,22.492390790869642,22.92818095844416,23.330704866241142,23.772334091678868
125,6.745112110520464,17.93301744469779,20.800556636783263,22.082440333391386,17.93301744469779,23.3889842483751,23.830168588477658,24.23703040430398,24.682679109364585
126,7.21285092175771,18.74363017160313,21.665375614046063,22.968012277784634,18.74363017160313,24.292631205575187,24.738870367518757,25.149752493161532,25.599081876275246
127,7.697289627987971,19.564341864118685,22.538392689534454,23.860947426623028,19.564341864118685,25.202737733744385,25.65370503718378,26.068303635958674,26.520993109538107
128,8.19808602491099,20.394477850225332,23.418986078766313,24.76065461648412,20.394477850225332,26.11874679363158,26.574128624569315,26.992153877991687,27.44790116107039
129,8.71486406055997,21.233390453881793,24.306567469613633,25.666577851314837,21.233390453881793,27.04013763469363,27.499633678478936,27.920809890229418,28.379330932119043
130,9.247217492371965,22.08046027309837,25.200582094327263,26.57819589464876,22.08046027309837,27.96642494080743,28.42974826998366,28.85381383509862,29.314842591940288
131,9.794713581182297,22.93509707940972,26.100508498952447,27.49502160295564,22.93509707940972,28.897157765426414,29.364034799998578,29.79074205676377,30.25403014202052
132,10.35689677871695,23.796740371900963,27.00585805022074,28.416601040850754,23.796740371900963,29.831918296220536,30.302088653363043,30.731203634690488,31.1965198635673
133,10.933292368825283,24.66485961973839,27.91617421842187,29.34251241645407,24.66485961973839,30.770320486056196,31.243536735523534,31.6748388357006,32.1419686822183
134,11.523410026663115,25.538954227248535,28.83103167273911,30.272364872430934,25.538954227248535,31.712008583833818,32.18803592439563,32.62131749606625,33.090062480131
135,12.126747264215405,26.41855325510118,29.75003522318336,31.20579716529716,26.41855325510118,32.65665559529103,33.13527146645945,33.57033736157437,34.040514381907016
136,12.742792734821347,27.303214930148826,30.672818640674684,32.14247626251523,27.303214930148826,33.603961700483886,34.084955342665836,34.52162240994568,34.993063037220125
137,13.37102937365637,28.192525975105845,31.59904338410559,33.08209588382397,28.192525975105845,34.55365265134542,35.03682462636746,35.47492117661593,35.94747091964353
138,14.01093735534201,29.086100787530548,32.52839726041818,34.02437501018314,29.086100787530548,35.50547816953923,35.990639852297285,36.430005101685985,36.90352265796821
139,14.661996853937229,29.983580495642652,33.460593040939386,34.96905638076339,29.983580495642652,36.4592103618072,36.94618341260089,37.386666912856114,37.86102341340682
140,15.32369059444822,30.884631916417362,34.395367054473226,35.915904995570095,30.884631916417362,37.41464216720741,37.90325799316239,38.34471905644448,38.819797313384434
141,15.995506188635028,31.788946439195175,35.3324777749939,36.86470663861803,31.788946439195175,38.37158584802053,38.861685060898886,39.30399218607372,39.779685950211466
142,16.67693825125467,32.69623885581111,36.27170441926581,37.81526643409757,32.69623885581111,39.32987153377463,39.82130341041346,40.26433371638511,40.740546950803015
143,17.367490295940975,33.60624615602957,37.21284556734272,38.767407445672696,33.60624615602957,40.28934582567104,40.78196777631449,41.225606447159464,41.70225262170702
144,18.066676412650747,34.51872630486199,38.155717816698804,39.720969326983436,34.51872630486199,41.24987046682088,41.74354751570906,42.18768726146582,42.66468867206965
145,18.774022731019524,35.433457016260064,39.10015447873032,40.67580702955121,35.433457016260064,42.21132108202686,42.70592536377448,43.150465899967436,43.62775301576357
146,19.489068676038528,36.35023453565272,40.04600432452817,41.63178957262322,36.35023453565272,43.17358598938958,43.668996263940684,44.113843812212714,44.59135465270919
147,20.211368024222537,37.26887244191235,40.99313038518799,42.58879887803321,37.26887244191235,44.13656508477693,44.632666273061254,45.07773308465051,45.55541262843274
148,20.94048976986862,38.189200477582176,41.94140881045709,43.54672867189325,38.189200477582176,45.1001687991322,45.59685154096004,46.04205544423012,46.519855070100476
149,21.67601881215217,39.11106341458269,42.89072778824868,44.50548345383093,39.11106341458269,46.064317127734235,46.56147736294448,47.00674133567926,47.48461829661414
150,22.41755647466283,40.03431996114099,43.8409865264334,45.46497753358473,40.03431996114099,47.028938729783334,47.52647730322424,47.97172907000876,48.449645999865844
151,23.164720869588898,40.95884171437703,44.7920942973733,46.42513413398534,40.95884171437703,47.99397009613014,48.49179238667105,48.93696404132086,49.414888493870166
152,23.91714711912109,41.884512161788585,45.743969544867134,47.38588455875228,41.884512161788585,48.95935478250543,49.45737035595867,49.90239800868836,50.380302028235654
153,24.67448744681611,42.81122573384779,46.69653905249367,48.34716742300847,42.81122573384779,49.9250427052856,50.42316499085547,50.867988439630246,51.34584816225941
154,25.436411151625407,43.73888690901403,47.64973717181851,49.308927944055476,43.73888690901403,50.89098949658325,51.389135486242765,51.83369791158003,52.31149319586715
155,26.20260447710634,44.66740937168161,48.60350510847206,50.271117289642476,44.66740937168161,51.857155915309555,52.355245885342775,52.79949356767736,53.27720765356983
156,26.972770388017256,45.59671522292764,49.557790263800726,51.23369198078154,45.59671522292764,52.823507310763816,53.321464564573816,53.765346623199,54.24296581767771
157,27.746628266048845,46.52673424335825,50.51254562951489,52.19661334601127,46.52673424335825,53.79001313530062,54.28776376649722,54.731231919009424,55.20874530706653
158,28.52391353591961,47.45740320690113,51.467729232611575,53.15984702396589,47.45740320690113,54.75664650264068,55.254119177341096,55.697127518473245,56.17452669792453
159,29.304377232458677,48.38866524401752,52.423303627725076,54.123362511083265,48.38866524401752,55.72338378846774,56.220509545721775,56.66301434442016,57.14029318304197
160,30.087785518641905,49.32046925251815,53.3792354340097,55.08713275131084,49.32046925251815,56.69020427005469,57.18691633927312,57.62887585286289,58.10603026637631
161,30.873919163847873,50.252769353950775,54.33549491365481,56.05113376475258,50.252769353950775,57.6570898017879,58.15332343605189,58.594697740355564,59.07172548979246
162,31.662572990891512,51.18552439335639,55.292055589160064,57.015344312270074,51.18552439335639,58.62402452359686,59.119716847753004,59.56046768203246,60.03736818906889
163,32.45355529966093,52.118697480102824,56.24889389656234,57.979745593185704,52.118697480102824,59.590994599464196,60.08608447191593,60.52617509755621,61.00294927645022
164,33.24668727445692,53.052255567426435,57.2059888718881,58.944320973352355,53.052255567426435,60.55798798333986,61.05241587049863,61.49181094238227,61.96846104720911
165,34.04180238142928,53.98616906830302,58.1633218682163,59.909055741003485,53.98616906830302,61.52499420996835,62.01870207235429,62.457367521925235,62.93389700787288
166,34.83874576180339,54.92041150527519,59.12087630085381,60.87393688794682,54.92041150527519,62.492004208292144,62.98493539733635,63.42283832639855,63.89925172395393
167,35.63737362592838,55.85495919190063,60.07863741824378,61.83895291380678,55.85495919190063,63.45901013527246,63.95110929990888,64.38821788426593,64.86452068519
168,36.437552652538955,56.78979094354702,61.036592096386954,62.80409365119098,56.78979094354702,64.42600522812981,64.91721823032927,65.35350163241705,65.82970018648129
169,37.23915939703155,57.724887815334775,61.99472865466018,63.769350109793855,57.724887815334775,65.39298367316063,65.88325751160362,66.31868580132804,66.7947872228585
170,38.042079711977934,58.6602328651095,62.95303669109219,64.73471433760265,58.6602328651095,66.35994048944741,66.84922323059651,67.28376731364051,67.75977939697431
171,38.846208182598765,59.59581093944121,63.911506935258494,65.7001792975194,59.59581093944121,67.32687142591459,67.81511214179231,68.24874369470972,68.7246748377502
172,39.65144757941993,60.53160848073511,64.8701311171231,66.66573875784516,60.53160848073511,68.29377287032814,68.78092158235899,69.21361299383413,69.68947212894567
173,40.457708329908,61.467613353656546,65.82890185026557,67.63138719520725,61.467613353656546,69.26064176896087,69.74664939729259,70.17837371496937,70.65417024651391
174,41.26490801047492,62.40381468918187,66.78781252805587,68.59711970863083,62.40381468918187,70.22747555575918,70.71229387351963,71.14302475588804,71.61876850377185
175,42.072970859884585,63.34020274469662,67.74685723148666,69.56293194357671,63.34020274469662,71.1942720899722,71.67785368197056,72.10756535480192,72.58326650345384
176,42.88182731478713,64.27676877867046,68.70603064743868,70.52882002487841,64.27676877867046,72.16102960130071,72.64332782671208,73.07199504361711,73.5476640958563
177,43.69141356779409,65.21350493855121,69.66532799631048,71.49478049760323,65.21350493855121,73.12774664170226,73.60871560033839,74.03631360703476,74.51196134236031
178,44.501671148291464,66.15040416061505,70.62474496800688,72.46081027496577,66.15040416061505,74.09442204311188,74.57401654489026,75.00052104680735,75.47615848366574
179,45.3125465259522,67.08746008061397,71.58427766539312,73.42690659250626,67.08746008061397,75.0610548803808,75.53923041766434,75.96461755055539,76.44025591219372
180,46.12399073672962,68.02466695416065,72.54392255439961,74.39306696782806,68.02466695416065,76.02764443882506,76.50435716132338,76.9286034645863,77.40425414812223
181,46.93595903095692,68.96201958586619,73.50367642004478,75.3592891652522,68.96201958586619,76.99419018584443,77.46939687780058,77.8924792702301,78.36815381863397
182,47.748410543049225,69.89951326635305,74.46353632771756,76.32557116482317,69.89951326635305,77.96069174612407,78.43434980554218,78.85624556326407,79.33195563994614
183,48.561307982188865,70.83714371631775,75.42349958911781,77.29191113516102,70.83714371631775,78.92714887999198,79.39921629967695,79.81990303605062,80.29566040179769
184,49.37461734329777,71.77490703691471,76.3835637323368,78.2583074097013,71.77490703691471,79.89356146453979,80.36399681475888,80.78345246203915,81.25926895406396
185,50.188307637528354,72.71279966579432,77.34372647558541,79.22475846592425,72.71279966579432,80.85992947717726,81.32869188975862,81.74689468234888,82.22278219524337
186,51.00235064145448,73.65081833818199,78.30398570416001,80.19126290720874,73.65081833818199,81.82625298132082,82.29330213503202,82.71023059415776,83.18620106255206
187,51.81672066410518,74.5889600524521,79.26433945025455,81.157819446995,74.5889600524521,82.7925321139463,83.25782822101031,83.67346114067276,84.14952652344104
188,52.631394330976086,75.52722203971743,80.22478587528418,82.12442689497723,75.52722203971743,83.75876707477111,84.22227086839547,84.63658730247654,85.11275956833066
189,53.44635038411761,76.4656017369721,81.18532325442806,83.09108414507217,76.4656017369721,84.72495811687,85.18663083967387,85.599610090083,86.07590120441117
190,54.26156949742281,77.40409676340305,82.14594996311027,84.0577901649441,77.40409676340305,85.6911055385314,86.15090893177074,86.5625305375134,87.03895245035928
191,55.077034106233484,78.34270489950637,83.10666446519745,85.024543986891,78.34270489950637,86.6572096762011,87.11510596970936,87.5253496968091,88.00191433186133
192,55.89272825038823,79.28142406869479,84.06746530268879,85.9913446999249,79.28142406869479,87.62327089837734,88.07922280113137,88.48806863330095,88.96478787781223
193,56.70863742988017,80.2202523211054,85.02835108672646,86.95819144288483,80.2202523211054,88.58928960032257,89.0432602915793,89.45068842157825,89.92757411712007
194,57.52474847229392,81.15918781935045,85.98932048975884,87.92508339846775,81.15918781935045,89.55526619949956,90.0072193204298,90.41321014204607,90.89027407601354
195,58.34104941122591,82.09822882599795,86.95037223870503,88.89201978803678,82.09822882599795,90.52120113162691,90.97110077739974,91.37563487798629,91.85288877580076
196,59.1575293749353,83.03737369256135,87.91150510900857,89.85899986712876,83.03737369256135,91.48709484728046,91.9349055595442,92.33796371306825,92.81541923099356
197,59.97417848448769,83.97662084983399,88.87271791945493,90.82602292155404,83.97662084983399,92.45294780895732,92.89863456868325,93.30019772923546,93.77786644777277
198,60.79098776069752,84.91596879939526,89.83400952766081,91.79308826402074,84.91596879939526,93.41876048855599,93.86228870919791,94.26233800492186,94.74023142271848
199,61.60794903921689,85.85541610616278,90.79537882615291,92.76019523120523,85.85541610616278,94.38453336520286,94.8258688861504,95.22438561355496,95.70251514178806
200,62.42505489314073,86.79496139185196,91.75682473895239,93.72734318122613,86.79496139185196,95.350266923392,95.78937600367568,96.1863416222978,96.66471857949294
201,63.24229856254043,87.73460332923659,92.71834621860425,94.6945314914433,87.73460332923659,96.31596165137883,96.75281096361847,97.14820709100614,97.62684269825085
202,64.05967389038125,88.67434063711708,93.67994224359583,95.66175955656418,88.67434063711708,97.28161803981678,97.71617466437388,98.10998307135925,98.58888844788834
203,64.87717526429743,89.6141720759031,94.64161181610247,96.62902678700142,89.6141720759031,98.24723658057724,98.67946799990557,99.0716706061536,99.55085676525937
204,65.69479756374785,90.55409644373809,95.60335396003967,97.596332607446,90.55409644373809,99.21281776575317,99.64269185892043,100.03327072871865,100.51274857398371
205,66.5125361120943,91.49411257310064,96.56516771935068,98.5636764556422,91.49411257310064,100.17836208680382,100.60584712417516,100.99478446245534,101.47456478426331
206,67.33038663319655,92.43421932781466,97.52705215652732,99.53105778131354,92.43421932781466,101.14387003382538,101.56893467189353,101.9562128204676,102.43630629277956
207,68.14834521211654,93.37441560043399,98.48900635131042,100.49847604524506,93.37441560043399,102.10934209493823,102.53195537128866,102.91755680527056,103.39797398265206
208,68.96640825958553,94.31470030993195,99.45102939956551,101.46593071847703,94.31470030993195,103.07477875575965,103.49491008416122,103.87881740858434,104.35956872345274
209,69.78457247989748,95.25507239967882,100.41312041229239,102.43342128161142,95.25507239967882,104.04018049896955,104.45779966457792,104.83999561116812,105.3210913712591
210,70.60283484191476,96.19553083565768,101.3752785147609,103.40094722420783,96.19553083565768,105.00554780393222,105.42062495860617,105.80109238272024,106.2825427687484
211,71.42119255291905,97.13607460489376,102.33750284575389,104.36850804425491,97.13607460489376,105.97088114639442,106.3833868041066,106.76210868181587,107.2439237453182
212,72.23964303502378,98.07670271406636,103.29979255690424,105.33610324771415,98.07670271406636,106.93618099822184,107.34608603056661,107.72304545587703,108.20523511722999
213,73.0581839039317,99.01741418828544,104.26214681210703,106.30373234811809,99.01741418828544,107.90144782718687,108.30872345898185,108.68390364118093,109.16647768778155
214,73.8768129498059,99.95820807000729,105.22456478700401,107.27139486622107,99.95820807000729,108.86668209679617,109.27129990175763,109.6446841628861,110.12765224748156
215,74.69552812005819,100.89908341807428,106.18704566852608,108.23909032969135,100.89908341807428,109.83188426614561,110.23381616265165,110.60538793508424,111.08875957424469
216,75.51432750386957,101.84003930686205,107.14958865448561,109.20681827283786,101.84003930686205,110.79705478980762,111.19627303673586,111.56601586087305,112.04980043359471
217,76.33320931827805,102.78107482551749,108.11219295321784,110.1745782363745,102.78107482551749,111.76219411774387,112.1586713103752,112.52656883243326,113.01077557887004
218,77.15217189568196,103.72218907728434,109.07485778325453,111.14236976720669,103.72218907728434,112.72730269523271,113.12101176123372,113.48704773112902,113.97168575144349
219,77.97121367261828,104.6633811788906,110.03758237303245,112.11019241824252,104.6633811788906,113.69238096282456,114.08329515828646,114.44745342761246,114.93253168093415
220,78.7903331796903,105.60465026001039,111.00036596063488,113.07804574822393,105.60465026001039,114.65742935629798,115.04552226185024,115.4077867819354,115.89331408542876
221,79.60952903252974,106.5459954627662,111.963207793549,114.04592932157624,106.5459954627662,115.62244830664594,116.0076938236204,116.36804864367124,116.85403367169894
222,80.42879992369772,107.48741594129163,112.92610712845087,115.01384270826743,107.48741594129163,116.58743824005954,116.96981058672175,117.32823985203854,117.81469113542109
223,81.24814461541308,108.42891086132342,113.88906323100665,115.98178548368882,108.42891086132342,117.55239957792847,117.93187328576258,118.28836123603,118.77528716139412
224,82.06756193304238,109.3704793998421,114.85207537568917,116.94975722853808,109.3704793998421,118.5173327368456,118.89388264689883,119.24841361454209,119.73582242375362
225,82.88705075926606,110.3121207447315,115.81514284560943,117.91775752871465,110.3121207447315,119.48223812862277,119.85583938790012,120.20839779651283,120.69629758618636
226,83.70661002884138,111.25383409447575,116.7782649323586,118.88578597522508,111.25383409447575,120.4471161603095,120.81774421822348,121.16831458104954,121.6567133021384
227,84.52623872392556,112.19561865787517,117.74144093585859,119.85384216409017,112.19561865787517,121.41196723421656,121.77959783908848,122.1281647575716,122.61707021502376
228,85.34593586987425,113.1374736537872,118.7046701642255,120.82192569626693,113.1374736537872,122.37679174794289,122.7414009435563,123.08794910594062,123.57736895842793
229,86.1657005314798,114.07939831088056,119.66795193363981,121.79003617756258,114.07939831088056,123.34159009441343,123.70315421661061,124.04766839659705,124.5376101563053
230,86.9855318096067,115.02139186741175,120.63128556821738,122.75817321856532,115.02139186741175,124.30636266191026,124.6648583352414,125.00732339069467,125.49779442317708
231,87.80542883817137,115.96345357101384,121.59467039989757,123.72633643457036,115.96345357101384,125.27110983410739,125.62651396852965,125.96691484023702,126.45792236432271
232,88.6253907814341,116.9055826784974,122.55810576832228,124.694525445514,116.9055826784974,126.2358319901184,126.58812177773339,126.92644348820666,127.41799457596785
233,89.4454168315747,117.84777845566263,123.52159102073433,125.6627398759082,117.84777845566263,127.2005295045307,127.54968241637286,127.88591006869794,128.37801164546622
234,90.26550620652108,118.7900401771207,124.48512551186766,126.63097935478066,118.7900401771207,128.16520274745432,128.511196530318,128.8453153070459,129.33797415148118
235,91.08565814799233,119.7323671261305,125.44870860384682,127.5992435156097,119.7323671261305,129.12985208455865,129.4726647578774,129.80465991995678,130.297882664164
236,91.90587191975071,120.67475859443506,126.41233966608912,128.56753199626863,120.67475859443506,130.0944778771275,130.43408772988678,130.76394461563612,131.25773774531802
237,92.72614680602464,121.61721388210752,127.37601807521088,129.53584443897108,121.61721388210752,131.05908048209483,131.39546606979164,131.72317009390758,132.21753994857488
238,93.54648211009787,122.5597322974077,128.33974321492838,130.50418049021144,122.5597322974077,132.0236602520998,132.3568003937399,132.68233704633963,133.17728981955048
239,94.36687715303414,123.50231315664148,129.30351447597357,131.47253980071574,123.50231315664148,132.98821753552593,133.31809131066447,133.6414461563755,134.13698789601068
240,95.1873312725311,124.44495578402321,130.26733125600072,132.4409220253807,124.44495578402321,133.95275267655387,134.2793394223764,134.60049809943123,135.0966347080244
241,96.00784382189254,125.38765951154545,131.231192959501,133.40932682323427,125.38765951154545,134.9172660152068,135.2405453236424,135.55949354303905,136.05623077811512
242,96.82841416908789,126.33042367885703,132.19509899771887,134.37775385737328,126.33042367885703,135.88175788739522,136.20170960227904,136.51843314694239,137.0157766214137
243,97.64904169591539,127.27324763313543,133.15904878856227,135.34620279491642,127.27324763313543,136.84622862497093,137.1628328392278,137.47731756322432,137.97527274579753
244,98.46972579724103,128.21613072897188,134.1230417565249,136.3146733069599,128.21613072897188,137.81067855576507,138.1239156086524,138.43614743640643,138.93471965203454
245,99.29046588030536,129.15907232825634,135.08707733260547,137.28316506852212,129.15907232825634,138.77510800364198,139.08495847800924,139.39492340356992,139.89411783392424
246,100.111261364097,130.10207180006432,136.05115495422436,138.25167775849906,130.10207180006432,139.73951728854365,140.04596200813714,140.35364609445782,140.8534677784265
247,100.93211167878314,131.04512852054873,137.01527406514901,139.2202110596215,131.04512852054873,140.70390672653957,141.00692675333875,141.3123161315845,141.81276996579638
248,101.75301626519276,131.98824187283535,137.97943411541365,140.18876465839483,131.98824187283535,141.6682766298672,141.96785326146238,142.27093413033364,142.7720248697176
249,102.57397457433984,132.93141124691468,138.9436345612397,141.15733824506816,132.93141124691468,142.63262730698196,142.9287420739767,143.22950069907063,143.7312329574145
