S,p02,p03,p04,p05,p06,p07,p08,p09
1,3.119084373452671e-25,-9.021849769897532e-26,-5.249785593272457e-26,1.6387806735865978e-25,-3.386379526414026e-27,4.491125954147472e-25,-1.2793579859631713e-26,7.334427040424727e-25
2,1.2203798074760165e-23,-1.1430320684983707e-23,-2.3692280021141037e-23,-1.391339335612973e-23,1.253346743617882e-23,-4.828890299954848e-23,-1.8662366612313897e-22,-7.602718896832692e-24
3,-1.5544776931809856e-22,-8.48029508691423e-23,2.811422765981112e-22,1.671238906105302e-21,1.1705955103108308e-21,8.211754180430808e-22,7.609640346448587e-22,8.625221538492038e-22
4,1.633080242896433e-21,-2.4053831981418665e-22,2.822107227277001e-21,5.743911190042395e-21,8.531757115143205e-21,-7.017038499813681e-21,6.596437029769012e-21,-8.930295629349103e-22
5,4.232669529363733e-22,-2.799362819386161e-21,1.718149504180489e-21,8.015852944930611e-21,6.551321555089284e-21,1.1065180917228477e-20,-2.5437063604117628e-20,-1.3847660386503996e-20
6,-1.9709317918451205e-21,7.263334149526405e-20,1.1819607302269462e-19,-4.7477764938343114e-20,-6.669338815254966e-20,9.499796308662762e-20,1.392499983931767e-20,-2.3124021488800058e-20
7,1.8322299371821952e-20,9.944676150552318e-20,2.6919487968076375e-19,3.2855334537484756e-19,2.5163410581441665e-19,3.368308182526221e-20,4.205360926077007e-19,2.5472281533113576e-19
8,7.408548791223817e-20,1.2487178199730221e-19,-1.0362697980288407e-19,4.378966876904812e-19,3.43726249623938e-19,-1.4888656001779855e-19,-1.0355220625587918e-19,-6.809928082524263e-20
9,3.9456751790055316e-20,2.4110064929234324e-19,1.3966441982674055e-19,-3.034620369108596e-19,9.00690016732868e-21,5.033102566542387e-19,9.662861490420942e-19,-1.9837752695474388e-19
10,1.564586138526019e-20,1.5692063870105377e-18,1.5701464864414708e-18,1.6894345721982658e-18,6.52951623028614e-19,4.979885043444223e-19,-2.7238387446534496e-19,5.666570691362856e-19
11,1.2881522000235433e-18,1.2416045593810953e-18,9.793004987014428e-20,3.0241293771438767e-18,1.6602498954582992e-18,3.28501006718805e-18,1.6214614049984312e-18,-2.033374189604888e-18
12,1.6762547230846753e-18,-1.7464589261227262e-18,-2.4529793857634688e-18,-5.395218711176527e-18,-7.729125411942376e-18,6.911397242659232e-19,-5.006326841159145e-18,7.834921635642775e-19
13,1.6868953499386176e-18,-6.35443258766353e-18,-1.1349291245683742e-17,-1.845279375969936e-17,2.231904310518541e-19,4.437200100924294e-19,-4.474641188876885e-18,-1.3713715279111322e-17
14,-2.6895075807768603e-18,6.051139881284739e-19,-2.0911971528199995e-17,-1.3140188245949127e-17,-9.079875995531195e-18,9.223808052372785e-18,-1.454249894789576e-17,-2.7386021851939246e-17
15,-2.7375153932393588e-18,-5.4710481195271544e-18,-1.7042153202742155e-17,-2.2922471179298868e-17,-2.509915075558352e-17,-4.0549395552109504e-17,2.80311267895284e-17,-4.8320071258334284e-18
16,-1.856860822023202e-18,-1.862079815585617e-17,-2.66364074252382e-17,-7.974581331058726e-17,-8.375576450291922e-17,-6.065337545309782e-17,-1.7734528042599813e-16,-1.4688623448297952e-16
17,3.3349259650849542e-18,-1.4538968005490626e-17,-2.3502521743557887e-17,-1.2526954515459775e-16,-1.428798156819749e-16,-6.608911372265478e-17,-2.1208989982738748e-16,-2.756326915384901e-16
18,4.686668116218916e-19,-1.1438896682053626e-16,-1.36130866166063e-16,-1.1168241293433526e-16,-1.2777008899645746e-16,-2.358099277556034e-16,-1.5653824516720967e-16,-3.779929508864544e-17
19,1.3625302059179722e-18,-6.783050814660205e-17,-3.975333265007091e-17,-2.7416149439390365e-16,-3.266358743219512e-16,-2.1749757702098386e-16,-1.6254059917625235e-16,-1.2333091665754544e-16
20,-7.29811543766273e-17,-1.799433593875234e-16,-3.52480905760283e-16,-3.707730110436863e-16,-4.93590009884191e-16,-6.126538413582498e-16,-3.5953074832761598e-16,-3.105184268638687e-16
21,-1.0636962973955468e-16,-3.222047876858183e-16,-3.622822632783097e-16,-4.905659635609377e-16,-4.935342742569759e-16,-8.355236006335495e-16,-3.183093955926552e-16,-4.483298718902323e-16
22,-8.605609847491167e-17,-4.169422845962246e-16,-4.861575137512434e-16,-1.9852736722583704e-16,-2.2371192885194685e-16,-7.191362475115634e-16,-3.7816016318537156e-16,-1.1185067826879616e-15
23,-8.459839414539566e-17,-5.26406183199255e-16,-6.892494256117998e-16,-9.367706418727942e-16,-9.38172508248439e-16,-9.466202312035834e-16,-8.511736449636672e-16,-9.267970507580314e-16
24,-2.5314987992244226e-16,-7.17587408739555e-16,-8.324141404847814e-16,-9.147176100730992e-16,-1.1853895429350672e-15,-8.125032120585206e-16,-1.4543919984609647e-15,-9.208823441987836e-16
25,-3.5662687995170456e-16,-7.600915590239111e-16,-7.751121177816988e-16,-6.098481858469166e-16,-1.4681849859463006e-15,-1.9890869754485553e-15,-5.855181304511401e-16,-1.997555498437137e-15
26,-2.622199610991556e-16,-6.014814092056229e-16,-6.406446889823392e-16,-8.768959241160835e-16,-5.485439471539528e-16,-1.442595819374802e-15,-2.021716323462868e-15,-1.1680512187377037e-15
27,-3.31702139205053e-16,-1.6967405139935018e-15,-1.5317110770759506e-15,-1.6682022623529683e-15,-2.7856501314608132e-15,-8.411754442192988e-16,-1.1498475691615132e-15,-2.185017128911277e-15
28,-7.692367688929335e-16,-9.385370732034894e-16,-1.0066710442438467e-15,-2.086447339934879e-15,-2.3389398193747584e-15,-1.6327424129478035e-15,-1.4145867618464108e-15,-1.9342676970072643e-15
29,-6.247128660513858e-16,-1.0114967879235962e-15,1.0839493925169896e-15,-1.5112266911689492e-15,-3.5155430437225137e-15,-1.61936867954545e-15,-2.374262188278823e-15,-3.9397883119589116e-15
30,-9.230315483593039e-16,-1.5442440747432898e-15,-2.2829565082224114e-15,-3.834966761144255e-16,-2.0103705742513226e-16,-3.601886316558754e-15,-2.0404438763374022e-15,3.3493129614411067e-15
31,-8.21282284335642e-16,-1.866121022052001e-15,-3.806060118441949e-15,-1.5947147225157792e-15,1.7207921936020694e-15,6.100163783931913e-16,6.771086681118215e-15,1.5449689691634706e-14
32,-1.3143503182497593e-15,-2.7225654055554563e-15,-1.7568930257512185e-15,2.105114355315169e-15,1.1591221916332991e-14,2.999317238096157e-14,5.4489123984821985e-14,1.1120852666114992e-13
33,-1.0130942420466043e-15,-1.1614986512346725e-15,2.2408251381953216e-15,2.1149787432342995e-14,7.42930195439824e-14,1.65428959030457e-13,3.06673314693943e-13,5.839230240048611e-13
34,-1.660931934254792e-15,-2.695082305842459e-15,2.3481804214873816e-14,1.3893095292748992e-13,3.8900384180380846e-13,8.086165578669547e-13,1.4714919764889806e-12,2.7183103810768373e-12
35,-1.4911893661278603e-15,-1.9267081921547452e-15,1.313543059531298e-13,6.651682592655453e-13,1.7669845414287044e-12,3.5652779967500655e-12,6.384128754185415e-12,1.160575737821613e-11
36,8.377994188808393e-16,2.0678093342732336e-14,5.951837710823484e-13,2.8378150631321337e-12,7.347724396431062e-12,1.4525495092290237e-11,2.562793933779083e-11,4.5893051286664966e-11
37,-2.5719343201508038e-15,1.0892214221983034e-13,2.449729736521057e-12,1.1188768420255608e-11,2.831786923221581e-11,5.503242331828911e-11,9.570420136585096e-11,1.688507764117813e-10
38,-1.2352273199648784e-15,4.492140411367226e-13,9.36172800141889e-12,4.120237256003022e-11,1.0189086179854031e-10,1.9478462309592305e-10,3.341095581943018e-10,5.811074194628084e-10
39,-1.983980516909014e-15,1.7328842655578634e-12,3.346399757387177e-11,1.4218173445943987e-10,3.4395200724310514e-10,6.471513177891129e-10,1.0952407095396402e-09,1.8786516997931673e-09
40,-4.4369378965467853e-16,6.254444335509037e-12,1.1251776880947009e-10,4.618794628692462e-10,1.0937862250692055e-09,2.026288989400687e-09,3.3848753414294756e-09,5.727862918674901e-09
41,-1.0746257532400086e-15,2.1201493360406216e-11,3.571431279175375e-10,1.4180192063003992e-09,3.288819146123341e-09,6.0012064034192965e-09,9.89812290472895e-09,1.6529806871740287e-08
42,7.330637544148955e-15,6.798701054428379e-11,1.0740119978628045e-09,4.127873301539046e-09,9.381478425516917e-09,1.686820484980823e-08,2.747818100207203e-08,4.530078150259312e-08
43,3.9406668980691266e-14,2.0679750576360028e-10,3.069764493148985e-09,1.1429961207207997e-08,2.5467159457210525e-08,4.513611813253285e-08,7.264006351323906e-08,1.1825726492653548e-07
44,1.4485538343672024e-13,5.98738696644581e-10,8.363527291621282e-09,3.019064259956586e-08,6.597798060734383e-08,1.1530125815364025e-07,1.833746343654793e-07,2.948836645061974e-07
45,4.870011975957035e-13,1.6545516295383055e-09,2.1778734486672028e-08,7.627173245564637e-08,1.635572050937068e-07,2.819246946342709e-07,4.4320771579140753e-07,7.042039280204964e-07
46,1.5226844509898378e-12,4.375165087173187e-09,5.433934271483427e-08,1.847491967753815e-07,3.8890952548432156e-07,6.614111877964262e-07,1.028075644735994e-06,1.6143977922251521e-06
47,4.5623533293551525e-12,1.1096722096658459e-08,1.3020676801587824e-07,4.300468840546168e-07,8.890262614840046e-07,1.4921841257992027e-06,2.29382903363531e-06,3.560824174225477e-06
48,1.302750052754551e-11,2.7054670920916042e-08,3.00274261775203e-07,9.64004851651708e-07,1.9578357214258297e-06,3.2440618922010007e-06,4.933033628697522e-06,7.5720347916555215e-06
49,3.567390769865899e-11,6.353597815080574e-08,6.677753925403224e-07,2.0850882504987543e-06,4.161772171188854e-06,6.809440174934802e-06,1.0245183844679995e-05,1.55534957874954e-05
50,9.399385529272068e-11,1.439955860395402e-07,1.4347415305479599e-06,4.359576384426808e-06,8.554747979976166e-06,1.382518912771841e-05,2.058524039746835e-05,3.091509324089818e-05
51,2.3873529277163935e-10,3.1550006258279726e-07,2.9832993571479813e-06,8.826287360017468e-06,1.703319918160333e-05,2.719549619908228e-05,4.0081852812111014e-05,5.9560941005963864e-05
52,5.854002982755922e-10,6.694025944715021e-07,6.013110516039699e-06,1.7330693791203983e-05,3.290257112556442e-05,5.1912208844096395e-05,7.574817855578197e-05,0.00011139719968098062
53,1.3883955214624892e-09,1.3774752775119145e-06,1.1766153640389757e-05,3.305241192459057e-05,6.175155542871906e-05,9.62996257465715e-05,0.00013914314845759885,0.00020255267809502273
54,3.1895897845192436e-09,2.753065104107439e-06,2.2382819677116207e-05,6.13117300442843e-05,0.00011275848812248326,0.0001738430801203578,0.00024877614691988086,0.00035854323735454516
55,7.108454287113616e-09,5.351480115906056e-06,4.1448951602940544e-05,0.00011076513396658984,0.00020058339114170927,0.0003057916069332354,0.0004334785608841079,0.0006186379638451288
56,1.5389411488829892e-08,1.0129976221435287e-05,7.481159040637868e-05,0.00019512483369333523,0.000348025787341081,0.0005247496028449183,0.000736985209523678,0.0010416948070475854
57,3.240641975022534e-08,1.8695576317282467e-05,0.0001317608012371084,0.0003355602804261352,0.0005896480938754756,0.0008794846337020482,0.0012239698940032034,0.001713717204239549
58,6.645485569912988e-08,3.367853250082934e-05,0.00022669439996538503,0.0005639567769559732,0.0009765715461280307,0.0014411715961515695,0.001987754499919932,0.0027573328207090085
59,1.3286283515697966e-07,5.9280341986771524e-05,0.00038139928101680904,0.0009272129487461608,0.0015826402391146193,0.0023112605640385245,0.0031598532618984077,0.004343304352866255
60,2.592543046930655e-07,0.0001020573650681875,0.000628094322946319,0.0014927501128341434,0.00251211323720365,0.003631091069392729,0.004921417870225065,0.006704046909495801
61,4.942350613824376e-07,0.00017201345295736605,0.001013382004931382,0.00235537758367628,0.003908980087717964,0.005593275715314835,0.007516513290498376,0.010148947946259545
62,9.213841785507687e-07,0.0002840863451602962,0.0016032451612700874,0.0036456047750654725,0.005967898879105242,0.00845474037163875,0.011266980830957262,0.015081070692774347
63,1.6812789728487027e-06,0.00046012140509677993,0.0024891983129419646,0.005539411150236865,0.00894662847455074,0.012551140483881658,0.016588441727805915,0.02201458297531667
64,3.005395236867744e-06,0.0007314306138396471,0.0037956569514931105,0.008269378634890136,0.013179671592752212,0.01831218121015217,0.02400677376996241,0.03159200843010166
65,5.267172817354347e-06,0.0011420326436059345,0.005688521617664836,0.012136960789763769,0.019092670841298485,0.026277165944050714,0.03417417271924395,0.04460016875006134
66,9.057340454971533e-06,0.001752659192145462,0.008384886857819664,0.01752551484042453,0.027216917158411978,0.03710989959680938,0.047883710092878895,0.06198349885375457
67,1.5292794664986506e-05,0.0026455918312043095,0.012163680558205044,0.024913565737186585,0.03820315426666205,0.051611899019254025,0.06608114178628319,0.08485329667353661
68,2.53709016625838e-05,0.003930361045718954,0.017376921521005274,0.03488761750134383,0.05283371046860361,0.07073273310436584,0.0898726297792092,0.1144914379246683
69,4.13840184268815e-05,0.005750294418784062,0.02446115931301041,0.04815369012328534,0.0720318780370109,0.09557624851153339,0.12052703076580705,0.15234716057258013
70,6.641220617732119e-05,0.008289844422187963,0.033948539357758115,0.06554665452429033,0.09686740679405464,0.1274014493204533,0.159471494362972,0.20002571263441798
71,0.00010491539682890728,0.011782559617547293,0.046476828131365285,0.08803637770774062,0.1285569958142706,0.167616900977963,0.20827930601123243,0.2592679600976408
72,0.00016324948502586184,0.016519488991173503,0.06279764892539375,0.11672968704851908,0.16845876436371102,0.2177677247193477,0.26864920364539496,0.3319204582893746
73,0.00025033366109004126,0.022857731633695727,0.08378212841279181,0.15286722524471447,0.2180598632140797,0.2795145343867031,0.3423757812808306,0.41989597948750496
74,0.0003784984846238286,0.031228767953904574,0.11042314708458248,0.19781439991402652,0.27895664687017235,0.35460403186915457,0.43131104748961313,0.5251250329401519
75,0.0005645453424506679,0.04214613972645833,0.14383342920115672,0.25304583297396793,0.35282715565070066,0.44483140134693455,0.5373177052988078,0.6494994752249613
76,0.0008310476588193273,0.056211990599375115,0.185238803691529,0.3201229780168922,0.44139603726883053,0.5519951011162538,0.6622152303143932,0.7948098505715373
77,0.0012079221212245627,0.07412194195175609,0.23596611619749497,0.4006648869363076,0.5463924488607191,0.6778451161201793,0.8077203114634224,0.9626785834549595
78,0.0017342939222564342,0.09666776651318966,0.29742546987487556,0.4963124534730981,0.6695018969759409,0.8240261733654525,0.9753836493267554,1.15449153383608
79,0.0024606732617532597,0.1247373380195869,0.37108671071215193,0.6086868209491738,0.8123133677436639,0.9920178059434626,1.166525449628683,1.3713306896778743
80,0.0034514509402517103,0.15931138188309163,0.45845034021805425,0.7393429924145573,0.9762634460599995,1.1830734524182622,1.3821721783807694,1.6139108903598376
81,0.004787708706121803,0.20145663021063456,0.5610133202932007,0.8897200011388079,1.1625793970778535,1.398160974470375,1.6229972427833639,1.8825234382187361
82,0.006570325235608884,0.2523150930431976,0.680230515692562,1.0610892672732741,1.3722233664469063,1.637907052538523,1.889268219693041,2.176989262916429
83,0.008923341474404886,0.31308929307499733,0.8174727823688499,1.2545029641418404,1.6058399335901197,1.9025478690713749,2.1808030708048154,2.496623965588529
84,0.011997530036739678,0.3850234679084012,0.9739829386964244,1.4707443316165636,1.8637092185749826,2.1918883135138567,2.4969374721794946,2.840216606515844
85,0.015974093162207204,0.46938091502177204,1.1508310372950608,1.7102818956808707,2.1457075977951434,2.5052716514081808,2.836504961122588,3.2060235390027336
86,0.021068393107123305,0.5674178318403056,1.3488704757554093,1.9732294798684158,2.4512778344101815,2.841561208654364,3.197831092961456,3.591777966259757
87,0.02753359896884408,0.6803541774528729,1.5686965372579964,2.2593137286547327,2.7794100897293728,3.1991351532068,3.5787422304983663,3.9947152428837507
88,0.035664115670753276,0.8093422443928439,1.8106089326230812,2.5678506140219826,3.1286348705653055,3.575894936149737,3.976588994265562,4.411613295000061
89,0.045798645556991646,0.955433769738237,2.07457982354442,2.897732076817261,3.4970285069219065,3.9692874117197574,4.388283812175597,4.83884692617953
90,0.05832272167190363,1.119546526648224,2.3602286473467515,3.2474235820470487,3.8822312698366668,4.376340118378841,4.810351454893613,5.272454240696778
91,0.07367054551902151,1.3024314139743753,2.6668048438960312,3.6149729605755576,4.281477754489171,4.793708698756505,5.238990951862421,5.708212974884219
92,0.09232596167174298,1.5046410981606195,2.993179316593264,3.9980304900155694,4.691638693871125,5.217734988682832,5.670146879679372,6.141724199605347
93,0.1148224078532413,1.7265012558982662,3.3378451551666077,4.393879755193453,5.109272953775501,5.644513932990813,6.099587706276388,6.568500650534492
94,0.1417416922380038,1.9680854173872997,3.6989278228843903,4.799478442989447,5.530688109622872,6.0699672037134444,6.522988681112452,6.984056862348043
95,0.17371147003952814,2.229194320816086,4.074204680194482,5.211507883730038,5.952007731186981,6.4899212126012795,6.93601667645094,7.38399832290737
96,0.21140131856215402,2.509340562298623,4.461133396339023,5.626429866811833,6.369243313726347,6.900187127130142,7.334414410367085,7.7641070145850755
97,0.25551734329430986,2.8077391679559582,4.856888502678958,6.040549039895149,6.778368694648762,7.296640514899977,7.714081608416468,8.120420956243546
98,0.30679528643834036,3.1233045330247844,5.258405080404982,6.450079057281899,7.175394784483258,7.675298349705262,8.071150876098887,8.449305684155028
99,0.36599215223073744,3.454653974436228,5.662428358523819,6.851210573992628,7.556442513350081,8.032391299443997,8.402056338199237,8.747515992293398
100,0.4338764092407313,3.800117937641234,6.065567833870578,7.240179187243401,7.917812041344785,8.36442947170113,8.70359344334215,9.01224666937761
101,0.5112168766686561,4.157756692592662,6.464354417770046,7.613331502098752,8.256046490817681,8.668260096678093,8.97296870687292,9.241171404359427
102,0.5987704481522083,4.525383157917284,6.855299063401876,7.967187632411665,8.567988718739539,8.941115967882052,9.207838557283576,9.43246945998677
103,0.6972688505102811,4.900591311099989,7.234951334501583,8.29849863717591,8.850829941511318,9.18065381598554,9.406336844852703,9.584840123286753
104,0.8074046749718955,5.2807894859652205,7.599956435746513,8.604297618715062,9.10214934065623,9.384982150262289,9.567090944093692,9.697505313757127
105,0.9298169527641176,5.663237727571158,7.947109330088686,8.881943465894881,9.319944099415167,9.552678448088159,9.689226730520417,9.770201056067407
106,1.065076574435983,6.045088276532828,8.273404714969068,9.129156498437485,9.502649635892979,9.682795893239948,9.772363016242736,9.80315879693272
107,1.2136718713984251,6.423428189283875,8.57608180574232,9.344045543797641,9.649150097419401,9.774860150595366,9.816596291072344,9.797077756950046
108,1.3759946886654495,6.795323069233028,8.852663074696565,9.52512625153723,9.758779449975385,9.8288569119509,9.822476818577286,9.753089664914505
109,1.5523272784556674,7.157860885723677,9.100986307211123,9.671330704303926,9.831313735024771,9.845211142498478,9.79097729299827,9.672717310444945
110,1.7428303356167851,7.508194891157061,9.319229554032304,9.782008618577365,9.866955262545218,9.824759113303827,9.723455362311562,9.557828393411683
111,1.9475324777516734,7.843584707660778,9.505928774999894,9.856920631743371,9.86630966487656,9.7687144024583,9.621611365870919,9.410586133089538
112,2.16632144569906,8.16143474061004,9.659988172718847,9.896224343699522,9.830356846478594,9.678629105236425,9.487442645710331,9.23339804586476
113,2.3989372654012464,8.459329181855768,9.780683404780888,9.900453915987484,9.760416937778515,9.556351505501937,9.323195741002266,9.028864203237674
114,2.644967569900847,8.735062986018338,9.867658029611981,9.870494131494212,9.658112386912165,9.403981432418718,9.131317707682385,8.799726166088817
115,2.9038452331345277,8.986668333585968,9.92091368449799,9.807549878502186,9.525327321107113,9.223824468795883,8.914407698483728,8.548817640665618
116,3.174848415676834,9.212436230308096,9.940794611540404,9.713112056353168,9.364165267289337,9.018346088387474,8.67516981340799,8.27901775087625
117,3.4571030685004445,9.410933028597412,9.92796723436662,9.588920893426334,9.176906260091044,8.790126693627442,8.4163681003524,7.993207654291012
118,3.749587886462402,9.581011788006855,9.883395551195662,9.436927642330062,8.965964272515947,8.541818399550039,8.140784422110414,7.694231069148572
119,4.051141648878098,9.721818518371173,9.808313143242486,9.259255563103252,8.733845810855456,8.276104281215169,7.851179776121597,7.384859114880626
120,4.360472833165874,9.83279346072674,9.704192608488427,9.058161033834722,8.483110391415138,7.995660662043491,7.550259492097311,7.067759723380362
121,4.67617133947551,9.9136676658107,9.572713215311168,8.835995541067732,8.216333502293338,7.7031228890867,7.240642596748614,6.745471739098008
122,4.996722120925168,9.964455212352341,9.415727542556596,8.595169207747944,7.936072531693483,7.401054909399463,6.924835510746519,6.4203836996235
123,5.320520477239965,9.985441481670243,9.23522782009023,8.338116412138774,7.644836019649048,7.091922835540387,6.605210113832527,6.094717189082388
124,5.6458887385935075,9.977167956436439,9.033312624140422,8.067263947006964,7.345056481948831,6.778072587163564,6.283986117221474,5.770514559841899
125,5.971094043684122,9.940414050859658,8.81215451242312,7.78500206497057,7.039066944214412,6.461711580687535,5.963217601099302,5.449630748586287
126,6.294366899789461,9.876176502010559,8.573969099847645,7.4936586545426564,6.729081225653744,6.144894368311782,5.644783487390725,5.1337288642727685
127,6.613920204932011,9.78564685805594,8.320986002505748,7.195476699148884,6.417177935471585,5.8295120441442805,5.330381668660067,4.82427917035011
128,6.9279684113265905,9.670187594679192,8.055421987940292,6.892595083645148,6.1052880592527,5.517285184328813,5.021526478845573,4.522561078914578
129,7.234746515669688,9.53130737341823,7.779456592924561,6.587032735883014,5.795185959751592,5.209760037896416,4.719549142251367,4.229667746020738
130,7.532528575382447,9.370635926160276,7.4952103890435495,6.280676026158005,5.488483570168512,4.908307656279476,4.425600850712641,3.9465128661753113
131,7.819645468116754,9.189899016517344,7.204726007614681,5.975269287503693,5.186627508404484,4.614125632471655,4.140658077158577,3.673839270348367
132,8.094501636746188,8.990893884233131,6.909951963471883,5.672408274381979,4.890898831479973,4.328242100957169,3.8655297733392047,3.4122289517135584
133,8.3555905899102,8.775465532622206,6.612729262975847,5.373536347779151,4.602415119414616,4.051521663708257,3.6008660825714855,3.1621141622295568
134,8.601508959549253,8.545484169726336,6.31478072728342,5.079943130912312,4.322134580458936,3.784672898774488,3.3471682393049207,2.92378925577097
135,8.830968952524554,8.302824059640557,6.017702915031009,4.792765387051645,4.05086186701098,3.5282571375283567,3.1047993375921124,2.697422982205211
136,9.042809066350799,8.049343993761227,5.72296050197707,4.5129898413875935,3.7892552978391336,3.2826982053002496,2.8739956671941513,2.483070971166512
137,9.236002977679458,7.786869535308938,5.431882932960264,4.24145767244255,3.5378351999959534,3.0482928453956504,2.6548783891477967,2.2806881773362875
138,9.409666546438267,7.517177149436449,5.1456631575419465,3.9788704087406757,3.2969931002746478,2.8252215732393893,2.447465283132999,2.0901410923634955
139,9.563062913553466,7.241980280685567,4.865358228709482,3.725796967657402,3.0670015104128368,2.6135597357601625,2.2516824033935734,1.9112195616344252
140,9.695605703541332,6.962917402670854,4.591891553697991,3.4826815890731666,2.8480240838213433,2.4132885766192658,2.0673754565692093,1.7436480779764452
141,9.806860373444692,6.6815420236565615,4.32605656842,3.2498524339708013,2.6401259417596634,2.224306134053222,1.8943207623323133,1.5870964446662583
142,9.896543777023759,6.399314606806428,4.0685216205105235,3.027530639077014,2.4432839854249266,2.046437831726422,1.7322357002313993,1.4411897369726034
143,9.964522039673795,6.117596325942998,3.8198358491392526,2.815839630176953,2.2573970468364735,1.879446642689686,1.5807885405294542,1.3055175108078743
144,10.010806857523313,5.8376445673324895,3.5804358547864013,2.6148145304993875,2.082295747705132,1.7230427337722176,1.4396076098321942,1.179642221842414
145,10.03555035499204,5.560610055734827,3.350652972358148,2.424411512063074,1.9177519614643757,1.5768925195658312,1.308289738659596,1.0631068523281328
146,10.039038647344789,5.287535483695649,3.1307209718711704,2.2445169633300566,1.7634877922034775,1.4406270766542661,1.186407982842752,0.9554417390944536
147,10.021684264365227,5.0193554992361555,2.9207840239564575,2.0749563702082696,1.6191840141033254,1.313849885491436,1.0735185932375657,0.8561706264131885
148,9.98401760037293,4.75689791432643,2.7209047906318062,1.915502816096648,1.4844879155617718,1.1961438811525227,0.9691672585887545,0.7648159647644093
149,9.92667755686405,4.500885980611713,2.531072511740007,1.765885041287163,1.3590205297830948,1.0870778165283923,0.8728946227876122,0.6809034973542794
150,9.850401545952181,4.251941593587105,2.3512109789081137,1.6257950041875802,1.2423832279040425,0.9862119438253103,0.7842411141112393,0.6039661669632324
151,9.756015018700381,4.010589273679699,2.181186302863125,1.4948949087312258,1.1341636800210608,0.8931030286518649,0.7027511203716585,0.5335474002521323
152,9.644420679206789,3.777260792450221,2.020814400118809,1.3728236770305102,1.0339411858240055,0.8073087344584451,0.6279765400662995,0.4692038080733596
153,9.516587535358667,3.55230031004794,1.8698681314077703,1.2592028576818848,0.9412913938078304,0.7283913985034474,0.5594797586638833,0.4105073528393177
154,9.373539931489816,3.335969898348168,1.728084048870926,1.1536419615509885,0.8557904384431936,0.6559212431511696,0.4968361019663803,0.35704704863803727
155,9.216346692220156,3.128455339940217,1.5951687086257493,1.0557432459279426,0.7770185129984952,0.5894790638549807,0.43963579233974315,0.30843022098991923
156,9.046110501653715,2.92987209633111,1.4708045343425624,0.9651059481186053,0.704562919473517,0.5286584271146921,0.3874854810348438,0.26428338994577416
157,8.863957622002872,2.7402713534918632,1.3546552094467756,0.8813300034660188,0.6380206351508377,0.4730674310238214,0.3400093812544469,0.22425282413252035
158,8.671028048761187,2.559646059498988,1.2463705905219058,0.8040192670932811,0.577000420172169,0.42233006716685395,0.2968500515976302,0.18800479896441402
159,8.468466179998302,2.3879368839097026,1.1455911613822423,0.7327842633841897,0.5211245232672468,0.37608722280424445,0.25766888743561367,0.15522561042757843
160,8.257412069987424,2.225038036627325,1.051952005575174,0.6672445062605448,0.4700300022975057,0.33399737258577034,0.22214633094819192,0.12562137897020875
161,8.03899331791591,2.0708028930371825,0.9650863473709137,0.6070304190330944,0.4233697261213365,0.2957369868639148,0.18998187130137012,0.09891767803082985
162,7.814317634542434,1.9250493834022109,0.8846286491248634,0.5517848819636129,0.3808130638205398,0.26100070350310034,0.16089383755968356,0.07485901839743292
163,7.584466113463861,1.787565113424705,0.8102173070412277,0.5011644521601966,0.34204632171963567,0.22950129352494741,0.13461903950684473,0.05320822104692979
164,7.350487225803448,1.658112183413607,0.7414969558539042,0.4548402782234007,0.3067729490879856,0.2009694483362523,0.1109122824516362,0.0337456981469586
165,7.113391541686553,1.5364317033927932,0.6781204221084636,0.4124987527731605,0.2747135469505224,0.1751534278682243,0.0895457675653688,0.016268671600982998
166,6.87414717782886,1.4222479680014999,0.6197503384086644,0.37384192594913657,0.24560571091569727,0.15181858174173612,0.07030841128852217,0.0005903396527173754
167,6.633675958198637,1.3152723104781217,0.5660604575652428,0.3385877122852321,0.21920373214356914,0.13074678456348465,0.053005113329618325,-0.01346097594279172
168,6.392850266330186,1.2152066177506526,0.5167366891356551,0.3064699229682333,0.19527818562181665,0.1117357864544033,0.037455975245848094,-0.026042711134266483
169,6.152490564801383,1.12174651246022,0.4714778874514991,0.2772381419546832,0.17361541949867387,0.09459852130078161,0.023495489962499505,-0.037298929882467746
170,5.913363548053496,1.034584219894441,0.4299964126985856,0.2506574708505127,0.15401697776695755,0.0791623611107184,0.010971717507857193,-0.04736119539217043
171,5.676180896294625,0.9534111152476044,0.3920184988004394,0.2265081772634403,0.13629896084665916,0.06526836020981364,-0.000254530299059752,-0.05634941928178705
172,5.441598581370499,0.8779199748332189,0.35728444707672224,0.20458524321753657,0.12029135078250874,0.05277047794294276,-0.01031051279909434,-0.06437269060910467
173,5.21021669346311,0.8078069402372989,0.32554866407963345,0.18469785398878003,0.10583730468027852,0.041534802512899205,-0.019312359746948005,-0.07153007477000983
174,4.982579733852077,0.7427732150588895,0.2965795743037347,0.1666688291024343,0.09279243919024793,0.03143878238631714,-0.027365850279181814,-0.07791137917934066
175,4.759177334303644,0.6825265125343094,0.27015942450248076,0.15033401624009457,0.08102410610888455,0.022370472940735908,-0.03456716950012151,-0.08359788509437749
176,4.540445354059841,0.626782264774306,0.24608398433656475,0.1355416560500089,0.07041067132007583,0.014227798139643255,-0.04100362822612169,-0.08866303865318059
177,4.32676731112025,0.5752646217516144,0.22416218801168952,0.12215173427421178,0.060840805353734595,0.0069178430450733686,-0.046754357043710115,-0.09317310158962755
178,4.118476100334334,0.5277072517628767,0.20421569836059916,0.1100353221161754,0.05221279170797288,0.00035616899651813583,-0.05189095091395757,-0.09718777292277991
179,3.91585595837185,0.4838539616258686,0.1860784333018728,0.09907392371388823,0.04443385410723977,-0.005533833231652352,-0.05647810581876911,-0.10076075355414105
180,3.719144629137361,0.4434591603441618,0.16959605460442617,0.08915882176552259,0.037419507989966405,-0.010821567002494703,-0.06057418381999469,-0.10394029011706607
181,3.5285356952741154,0.40628817220778046,0.15462542627631137,0.08019044908991191,0.031092943260091488,-0.015569812958915463,-0.06423176479586346,-0.10676966532230381
182,3.344181036446514,0.37211742998977115,0.14103406265064677,0.07207776455686599,0.02538442956279141,-0.01983527980087274,-0.06749815611328813,-0.10928766279505453
183,3.166193377186488,0.34073454674654613,0.12869956059091692,0.0647376573681413,0.02023075971635535,-0.023669121489433564,-0.07041586734146676,-0.11152898892419216
184,2.994648895366936,0.31193829855169497,0.11750903841090121,0.058094372334949185,0.01557471634328067,-0.027117418994748732,-0.07302304723566522,-0.11352466756875401
185,2.8295898633778904,0.28553851496582183,0.10735857319588149,0.05207896066394824,0.011364578540451475,-0.030221629145898987,-0.07535388441226587,-0.11530239746093685
186,2.671027290634953,0.2613559039232882,0.09815264313317584,0.04662876008865169,0.00755365533677832,-0.03301900825647408,-0.07743899097079066,-0.1168868786294297
187,2.5189435479511246,0.23922180975688434,0.08980359471166821,0.04168689685002391,0.004099845796190493,-0.035542987788517166,-0.07930574113856892,-0.11830011530378215
188,2.373294952224825,0.21897792695568796,0.08223111105820635,0.037201820646259876,0.000965238129424506,-0.037823540992576454,-0.08097858469113817,-0.11956169323923405
189,2.2340142911048133,0.20047597139694062,0.07536171011679471,0.03312686523315733,-0.001884266112028854,-0.039887502936153396,-0.08247934395910761,-0.12068902165651707
190,2.1010132740073573,0.18357731555340706,0.06912825561755653,0.029419843627920272,-0.004479301338733421,-0.041758881437203854,-0.08382746578661227,-0.12169756416824384
191,1.9741848973353626,0.168152606896399,0.06346949575686267,0.026042654681646127,-0.006847362357120801,-0.0434591254361294,-0.08504027569244954,-0.12260104398365002
192,1.8534057088004374,0.1540813626732529,0.05832961882390464,0.022960932994919858,-0.009013093063003907,-0.045007378162154055,-0.086133179095782,-0.12341162566542607
193,1.738537966922138,0.1412515576149076,0.0536578355081474,0.020143717947007644,-0.01099856568487212,-0.04642071310456686,-0.08711987746323757,-0.12414008331518289
194,1.6294316861120706,0.12955920006163524,0.04940798447705674,0.017563143117627078,-0.01282352521059238,-0.04771433978589812,-0.08801253471801829,-0.12479595817183053
195,1.5259265654421483,0.11890791025592762,0.045538160264868566,0.01519415441464389,-0.014505619745364129,-0.04890179646110937,-0.08882194244108632,-0.12538768253023136
196,1.4278537905809685,0.1092085036447088,0.04201036404083425,0.013014249162779379,-0.016060604934864386,-0.049995120079415756,-0.08955767683005433,-0.12592271083633477
197,1.3350377190590734,0.10037857101963255,0.03879017732799639,0.011003239777096496,-0.017502540217151363,-0.051005008074866964,-0.09022820968596079,-0.12640762719229315
198,1.247297438773387,0.09234207357877722,0.03584646300680561,0.009143024470859018,-0.018843951608005227,-0.05194095507476959,-0.09084105379031371,-0.12684823865072303
199,1.1644482033901227,0.0850289490372802,0.03315107022672237,0.00741739306420186,-0.020096002089076137,-0.05281138399482188,-0.09140284497277662,-0.12724966687471806
200,1.0863027500818134,0.07837472431049264,0.03067858934002743,0.005811841177205679,-0.021268618581871124,-0.05362376306550232,-0.09191945480324648,-0.12761642850023236
201,1.012672493665434,0.07232014773705941,0.028406092980048925,0.004313397781174899,-0.02237062822985081,-0.05438470317642441,-0.09239606534094946,-0.12795249844543832
202,0.9433686149051823,0.06681083156934164,0.026312921974636083,0.0029104788978884244,-0.02340987776960901,-0.055100058276025266,-0.09283726079445387,-0.1282613784781006
203,0.8782030306164756,0.061796914110345824,0.024380473675478243,0.0015927414409588891,-0.024393327677785237,-0.055775005591840454,-0.09324707534119625,-0.12854614979573853
204,0.8169892662834854,0.057232735386492095,0.02259201259846577,0.0003509610735363822,-0.025327159605126326,-0.0564141206638169,-0.0936290773267956,-0.1288095216267493
205,0.7595432171214611,0.053076530051043846,0.02093249818813092,-0.0008230845338630388,-0.026216849136062592,-0.057021446693283906,-0.09398640266056191,-0.12905387528405754
206,0.7056838284569267,0.049290134285229215,0.019388421463872874,-0.0019367195136510418,-0.027067251480161758,-0.057600551315317716,-0.09432182487500995,-0.12928130630029955
207,0.6552336747844834,0.045838716999924145,0.017947657298122976,-0.002996463734916688,-0.027882663857781154,-0.05815458358426895,-0.09463777203677637,-0.12949365064685026
208,0.608019462191578,0.042690515016374775,0.016599337513412138,-0.004008112597375657,-0.028666891083162227,-0.05868632278804853,-0.0949363990088159,-0.12969252480843352
209,0.5638724482537327,0.03981659425278394,0.015333718934584795,-0.004976825493940851,-0.029423296012964784,-0.059198215467404225,-0.09521958993730095,-0.12987935221531188
210,0.5226287934689822,0.037190625477023787,0.014142078157419746,-0.005907181375164328,-0.0301548562475773,-0.05969241854586471,-0.09548900735012467,-0.13005537624621866
211,0.4841298444802078,0.03478866624107013,0.013016610722615951,-0.006803247245557031,-0.030864198805602427,-0.06017083023834857,-0.09574611183893467,-0.1302216885079588
212,0.4482223547341846,0.032588968679192476,0.011950336542554396,-0.00766863458068201,-0.031553646024917725,-0.06063512493881262,-0.09599218806499721,-0.13037925036485376
213,0.41475865302231796,0.030571794198408497,0.010937016838852287,-0.008506546436137796,-0.03222524838975005,-0.06108677709448784,-0.0962283710492784,-0.13052890601272793
214,0.38359675688326433,0.028719239821839437,0.009971079819592887,-0.009319823206510591,-0.03288081636299012,-0.06152707825890502,-0.09645565050675486,-0.13067139981615128
215,0.3546004453269802,0.027015085066750544,0.00904755253827716,-0.010110983907907212,-0.03352194546835108,-0.061957169066317874,-0.0966749055208993,-0.13080737751636207
216,0.3276392877182843,0.025444645146421863,0.008161995523892074,-0.010882259431355124,-0.03415005025431128,-0.062378056355782974,-0.09688690603582018,-0.13093741408454207
217,0.3025886354990348,0.02399463191693485,0.0073104528297562865,-0.011635625583039655,-0.03476636798893651,-0.0627906119632371,-0.0970923210275032,-0.131062011234917
218,0.2793295879044422,0.022653033155961566,0.006489394976938456,-0.0123728353429442,-0.035371994826505215,-0.06319562125156608,-0.09729175054928874,-0.13118160978820015
219,0.257748917853462,0.021408997099570115,0.005695678169104212,-0.013095436770527158,-0.035967897460409404,-0.06359375746001206,-0.09748571976331277,-0.13129660572985813
220,0.237738990698233,0.020252726358194195,0.00492650563899133,-0.013804804908090773,-0.03655493436838242,-0.06398562909737393,-0.09767469677512963,-0.13140733670979898
221,0.21919764304101363,0.019175381495983856,0.004179384589519941,-0.014502152154705072,-0.03713384771231176,-0.06437175478879453,-0.097859073946438,-0.13151410669820507
222,0.2020280592418544,0.01816899576567721,0.003452094432532249,-0.015188557753731402,-0.037705310305113926,-0.06475260782679015,-0.09803922722539937,-0.1316171850618275
223,0.18613862380334467,0.017226386503921276,0.0027426623461224153,-0.015864973264001492,-0.038269901878607016,-0.06512859123120052,-0.09821546100852174,-0.1317168063508234
224,0.1714427688170872,0.016341088482363375,0.00204933343184166,-0.016532237765432,-0.03882813899735993,-0.06550006560246402,-0.09838805986817079,-0.1318131824490365
225,0.1578588036110773,0.015507283279703188,0.0013705455614854145,-0.017191100454283514,-0.039380479037731675,-0.06586735040059466,-0.09855727242324974,-0.1319064963212213
226,0.14530974230098082,0.014719733485435427,0.0007049103345480034,-0.0178422229168973,-0.039927324806399156,-0.0662307229504222,-0.09872331673932422,-0.13199691672127756
227,0.1337231289966212,0.013973737154060473,5.1194319894420914e-05,-0.01848619263000728,-0.040469032853707176,-0.06659043151557853,-0.09888639112887176,-0.13208458824465197
228,0.12303084897524741,0.013265061014067214,-0.0005917056000726006,-0.019123522179143038,-0.041005915321079556,-0.06694669458795488,-0.09904666129045836,-0.13216964283913057
229,0.11316895090374146,0.012589911193572334,-0.0012247580372104494,-0.019754681161998633,-0.04153825685193624,-0.06729970678520658,-0.09920429384635554,-0.13225220051538145
230,0.10407745580920391,0.011944877513769825,-0.0018488357511614595,-0.020380074303716356,-0.04206630173086978,-0.06764963870864449,-0.09935941605476728,-0.13233236309417862
231,0.09570017731164171,0.011326899169716853,-0.0024647110308251285,-0.021000064052145717,-0.0425902698708569,-0.06799664021173157,-0.09951215439230054,-0.13241022770671407
232,0.08798453361436032,0.010733232613802102,-0.00307306606828206,-0.021614969867300715,-0.043110350418373855,-0.06834085219509234,-0.09966262034311058,-0.13248588160763575
233,0.08088137317230348,0.010161417307585907,-0.003674513138207658,-0.022225088258664982,-0.04362673102775716,-0.06868237989010595,-0.09981091274369192,-0.1325593986223339
234,0.0743447945339426,0.009609247229036555,-0.00426959701371743,-0.02283066663721911,-0.04413955686288773,-0.06902134757069689,-0.09995711366173055,-0.13263085712367229
235,0.06833197314648487,0.009074748348325556,-0.004858801503360155,-0.023431935431972306,-0.044648966621707586,-0.06935784391259858,-0.100101321152124,-0.13270030400747146
236,0.06280299444938464,0.00855614764816437,-0.0054425555617854116,-0.024029103613543157,-0.04515509139935148,-0.0696919515519312,-0.10024359127669413,-0.1327678213414174
237,0.057720690094242855,0.008051862181446268,-0.006021244516318802,-0.02462234320432799,-0.04565802889544557,-0.07002375831177687,-0.10038400198197905,-0.1328334503369888
238,0.05305047956483122,0.007560471999568108,-0.0065952086458764825,-0.02521182160819535,-0.04615788895989681,-0.07035332991733867,-0.10052260812187797,-0.13289723966636302
239,0.048760220536792076,0.007080707575823908,-0.007164757747091244,-0.025797695784035568,-0.04665476701859461,-0.07068071781191065,-0.10065946611348409,-0.13295924183864827
240,0.04482005977024528,0.006611431260239442,-0.007730161470931307,-0.026380085458299618,-0.04714873767852623,-0.07100599340503777,-0.10079463052647952,-0.13301949472577235
241,0.041202295761877394,0.006151623566097442,-0.008291668223137094,-0.02695911618388891,-0.047639875973004564,-0.0713292035214863,-0.10092814441975406,-0.1330780391128883
242,0.0378812396917283,0.005700377769812803,-0.00884949209023489,-0.027534891344771495,-0.04812824869304677,-0.07165039846768195,-0.1010600532680428,-0.13313491521671494
243,0.03483309420460046,0.005256880513115902,-0.009403832166299253,-0.028107516882869277,-0.04861392618238369,-0.07196961632871535,-0.10119039295375387,-0.13319015579327242
244,0.03203582643607206,0.004820399723826085,-0.009954860402672239,-0.028677062786641727,-0.0490969461708346,-0.07228691195848569,-0.10131921769129804,-0.13324379636969752
245,0.029469056386233206,0.0043902856106115,-0.010502738732043326,-0.029243631942676984,-0.049577379712673064,-0.07260230553640667,-0.10144654460475522,-0.13329586622035094
246,0.027113940461731545,0.003965954178397624,-0.011047612318293432,-0.029807293415728964,-0.0500552749116423,-0.07291583237645227,-0.10157241561614683,-0.1333463954722447
247,0.024953073562983263,0.0035468861625531645,-0.01158960088787353,-0.030368106038736187,-0.050530665518522255,-0.0732275365322721,-0.10169685864980238,-0.13339541183654546
248,0.022970391171384108,0.0031326111837870485,-0.012128824451451692,-0.030926140226483767,-0.0510035992107305,-0.0735374418070478,-0.1018199085933702,-0.13344294458761397
249,0.02115107029965202,0.002722710945590734,-0.012665384119259215,-0.031481450619708085,-0.051474113433869206,-0.07384557832779137,-0.10194157951559646,-0.1334890211523998
